QUESTION,OPTION 1,OPTION 2,OPTION 3,OPTION 4,CATEGORY,ANSWER,EXAM,YEAR
Lepidopterist is the person who studies or collects butterflies,Deltiologist,Numismatist,Philatelist,Linguist,gk,1,SSC CHSL,2018
Chickenpox in caused by Virus.,Protozoa,Worms,Bacteria,Fungus,science,4,SSC CHSL,2018
The Global Venture Capital Summit 2018 kicked off in,Delhi,Mumbai,Chennai,Goa,current_affairs,4,SSC CHSL,2018
"Sikkim Krantikari Morcha (SKM) president Prem Singh Tamang, popularly known as",P S Goley,P S Gola,P S Golay,P S Gol,current_affairs,3,SSC CHSL,2018
AIX (Advanced Interactive eXecutive) is,Microsoft,Apple,IBM,Google,tech,3,SSC CHSL,2018
India's first Blockchain District Telangana launched with,TCS,Infosys,Tech Mahindra,HCL,tech,3,SSC CHSL,2018
The border crossing of India/Nepal is traditionally known as,Mana Pass,Sunauli,Nathu La,Shipki La,gk,2,SSC CHSL,2018
Kutiyattam art forms of which state is in UNESCO’s list of the intangible Cultural Heritage of Humanity?,Tamil Nadu,Kerala,Karnataka,Telangana,entertainment,2,SSC CHSL,2018
__________ is the branch of biology concerned with the study of the structure of organisms and their parts.,Horticulture,Anatomy,Mycology,Physiology,science,2,SSC CHSL,2018
Walayar Dam is in which district of Kerala?,Idukki,Palakkad,Thrissur,Wayanad,gk,2,SSC CHSL,2018
Who is the author of the book “devil's advocate the untold story”?,Arundhati Roy,Khushwant Singh,Karan Thapar,Salman Rushdie,entertainment,3,SSC CHSL,2018
Who was appointed as the Chief Technology Officer of Walmart in May 2019?,Kevin Systrom,Suresh Kumar,Adam D'Angelo,Bret Taylor,current_affairs,2,SSC CHSL,2018
Karun Chandhok is associated with,Hockey,Cricket,Football,Car Racing,sports,4,SSC CHSL,2018
Ottamthullal form was originated in the 18th century and has become a popular dance form of which state?,Tamil Nadu,Karnataka,Kerala,Andhra Pradesh,entertainment,3,SSC CHSL,2018
Scissor Cup is associated with which sports?,Hockey,Cricket,Badminton,Football,sports,4,SSC CHSL,2018
IMPS stands for,Immediate Management Processing System,Inquiry Management Processing System,Inquiry Management Service,Immediate Payment Service,gk,4,SSC CHSL,2018
What is the height of the Statue of Unity?,180 meters,172 meters,178 meters,182 meters,gk,4,SSC CHSL,2018
Which is the coldest inhabited place in India?,Siachen Glacier,Dras,Leh,Srinagar,gk,2,SSC CHSL,2018
Who assumed command of the Indian Navy on 31 May 2019 as the 24th Chief of the Naval Staff?,Admiral Sunil Lanba,Admiral Bimal Verma,Admiral Devendra Kumar Joshi,Admiral Karambir Singh,current_affairs,4,SSC CHSL,2018
Who coined the term “battery”?,Benjamin Franklin,Alessandro Volta,Luigi Galvani,Michael Faraday,science,1,SSC CHSL,2018
Who wrote the book “Principles of Political Economy (1848)”?,David Ricardo,John Stuart Mill,Adam Smith,Alfred Marshall,history,2,SSC CHSL,2018
"Which organ produces the enzymes amylase, lipase and protease?",Liver,Gallbladder,Spleen,Pancreas,science,4,SSC CHSL,2018
Who dedicated his book Gulamgiri to the American movement to free slaves?,Jyotirao Govindrao Phule (Mahatma),Dayananda Saraswati,Annie Besant,Ram Mohan Roy,history,1,SSC CHSL,2018
The first search engine created was,Archie,Google,Bing,Yahoo,tech,1,SSC CHSL,2018
Who was India's defence minister during the 1971 war?,Yashwantrao Chavan,Sardar Swaran Singh,Indira Gandhi,Jagjivan Ram,history,4,SSC CHSL,2018
Chhattisgarh shares its borders with which of the following states?,Uttar Pradesh,Madhya Pradesh,Maharashtra,All of the above,gk,1,SSC CHSL,2018
The first match of ICC cricket World Cup 2019 will be played between hosts England and which country?,India,South Africa,Australia,West Indies,sports,2,SSC CHSL,2018
Native:,Alien,Foreigner,Inhabitant,Immigrant,gk,3,SSC CHSL,2018
Expose:,Hide,Cover,Reveal,Bury,gk,3,SSC CHSL,2018
Miniscule:,Large,Microscopic,Meagre,Gigantic,gk,4,SSC CHSL,2018
Spot the incorrectly spelt word.,Accommodate,Magnificient,Celebration,Acquaintance,gk,3,SSC CHSL,2018
Adversary:,Ally,Friend,Supporter,Enemy,gk,4,SSC CHSL,2018
Dance to someone’s tune:,Dance with enjoyment,Dance according to the music,Follow someone in dancing,To do what someone (else) wants or forces.,gk,4,SSC CHSL,2018
Indent:,Incentive,Indictment,Indicator,Index,gk,1,SSC CHSL,2018
Which word is incorrectly spelt?,Indelible,Infallible,Ineligible,Invincible,gk,3,SSC CHSL,2018
Abound:,Deficient,Adrift,Afloat,Affluent,gk,2,SSC CHSL,2018
Perpetrate:,Prevent,Commit,Protect,Guard,gk,2,SSC CHSL,2018
"Chickenpox in caused by Virus.
Ringworm is caused by?",Virus,Bacteria,Fungus,Protozoa,science,3,SSC CHSL,2018
The Global Venture Capital Summit 2018 kicked off in?,Chennai,Mumbai,Delhi,Goa,current_affairs,4,SSC CHSL,2018
Who was sworn-in the 6th Chief  Minister of the state of Sikkim on 27 May 2019?,Kiren Rijiju,Jual Oram,Prem Singh Tamang,Arvind Kejriwal,politics,3,SSC CHSL,2019
AIX (Advanced Interactive eXecutive) is “an open operating system from IBM that is based on a version of?,Android,Windows,UNIX,MAC,tech,3,SSC CHSL,2019
Which state has signed an MoU (Memorandum of Understanding) with digital transformation services provider Tech Mahindra to launch India's first Blockchain District?,Andhra Pradesh,Karnataka,Telangana,Tamil Nadu,tech,3,SSC CHSL,2019
The border crossing of India/Nepal is traditionally known as?,Nathu La,Sunauli,Moreh,Mizoram,gk,2,SSC CHSL,2019
Which art forms of Kerala is in UNESCO’s list of the intangible Cultural Heritage of Humanity?,Kathakali,Kutiyattam,Ottamthullal,Mohiniyattam,gk,2,SSC CHSL,2019
Which branch of biology concerned with the study of the structure of organisms and their parts?,Botany,Anatomy,Zoology,Mycology,science,2,SSC CHSL,2019
"Walayar Dam is a dam in which district of Kerala, south India?",Idukki,Palakkad,Wayanad,Thrissur,gk,2,SSC CHSL,2019
Who is the author of devil's advocate the untold story?,Shashi Tharoor,Arundhati Roy,Karan Thapar,Khushwant Singh,entertainment,3,SSC CHSL,2019
Who Winning the Indian national racing championship on 7th position out of ten races in the formula Maruti series in 2000?,Narain Karthikeyan,Gaurav Gill,Aditya Patel,Karun Chandhok,sports,4,SSC CHSL,2019
Which form was originated in the 18th century and has become a popular dance form of  Kerala?,Kathakali,Mohiniyattam,Ottamthullal,Bharatanatyam,entertainment,3,SSC CHSL,2019
Scissor Cup is associated with which of the following sports?,Cricket,Hockey,Badminton,Football,sports,4,SSC CHSL,2019
Which of the following is an instant payment inter-bank electronic funds transfer system in India?,RTGS,NEFT,ECS,IMPS,current_affairs,4,SSC CHSL,2019
"Which valley of Kashmir is the coldest inhabited place in India, often called The Gateway to Ladakh?",Kargil,Dras,Siachen,Nubra,gk,2,SSC CHSL,2019
Who assumed command of the Indian Navy on 31 May 2019 as the 24th Chief of  the Naval Staff?,Sunil Lanba,Bipin Rawat,Dalbir Singh,Admiral Karambir Singh,current_affairs,4,SSC CHSL,2019
Who coined the term “battery” to describe the way a row of capacitors resembled a battery of canons?,Benjamin Franklin,Alessandro Volta,Michael Faraday,Luigi Galvani,science,1,SSC CHSL,2019
Which book by John Stuart Mill was one of the most important economics  or political economy textbooks of the mid-nineteenth century?,Das Kapital,Principles of Political Economy,The Wealth of Nations,"The General Theory of Employment, Interest and Money",history,2,SSC CHSL,2019
"Which shaped organ, produces the enzymes amylase, lipase and protease and releases them into the small intestine when needed?",Liver,Lungs,Heart,Pancreas,science,4,SSC CHSL,2019
The first search engine created was?,Google,Yahoo,Archie,Bing,tech,3,SSC CHSL,2019
"Which state shares its borders with the states of Uttar Pradesh  in north, Madhya Pradesh and Maharashtra in west, Telangana in  southwest, Odisha in east and Jharkhand in northeast?",Chhattisgarh,Bihar,Andhra Pradesh,West Bengal,gk,1,SSC CHSL,2019
"Sikkim Krantikari Morcha (SKM) president Prem Singh Tamang, popularly known as?",P S Goley,P S Goal,P S Golay,None of these,politics,3,SSC CHSL,2019
"The Telangana State Information Technology, Electronics and Communication department (ITE&C) has signed an MoU (Memorandum of Understanding) with digital transformation services provider Tech Mahindra to launch India's first?",E-Vehicle Zone Telangana,Cryptocurrency Zone Telangana,Blockchain District Telangana,None of these,tech,3,SSC CHSL,2019
Anatomy is the branch of biology concerned with the study of?,Fungi,the structure of organisms and their parts,Insects,Birds,science,2,SSC CHSL,2019
"In May 2019, who was appointed as the Chief Technology Officer of Walmart?",Anantha Narayan,Suresh Kumar,Sashi Reddi,Jeyandran Venugopal,current_affairs,2,SSC CHSL,2019
Karun Chandhok was born on 19 January 1984 in which state?,Kerala,Karnataka,Tamil Nadu,Andhra Pradesh,sports,3,SSC CHSL,2019
Scissor Cup is associated with?,Hockey,Cricket,Badminton,Football,sports,4,SSC CHSL,2019
Immediate Payment Service is an instant payment inter-bank electronic funds transfer system in?,USA,UK,China,India,gk,4,SSC CHSL,2019
The height of the Statue of Unity is?,180 meters,181 meters,185 meters,182 meters,gk,4,SSC CHSL,2019
Dras valley of Kashmir is the coldest inhabited place in?,Nepal,India,Bhutan,China,gk,2,SSC CHSL,2019
Admiral Karambir Singh assumed command of the Indian Navy on 31 May 2019 as the ______ Chief of the Naval Staff.,22nd,23rd,25th,24th,gk,4,SSC CHSL,2019
Principles of Political Economy (1848) is written by?,Adam Smith,John Stuart Mill,David Ricardo,Alfred Marshall,politics,2,SSC CHSL,2019
Which state shares its borders with the states of Uttar Pradesh in north?,Chhattisgarh,Bihar,Telangana,Jharkhand,gk,1,SSC CHSL,2019
The first match of ICC cricket World Cup 2019 will be played between hosts England and?,India,South Africa,Australia,New Zealand,sports,2,SSC CHSL,2019
"As of March 2023 India men's Soccer team captain Sunil
Chhetri became the __________ highest goal Scorer in
International Football appearances.",fifth,fourth,third,Sixth,sports,4,SSC CHSL,2023
Which of the following body was replaced by the NITI Aayog?,The NITI Aayog,The Parliament,The Finance Commission,The Planning Commission,politics,4,SSC CHSL,2023
In Which of the following year Right to Education Act was implemented?,2006,2007,2009,2008,gk,3,SSC CHSL,2023
The book title 'India Wins Freedom' is an autobiography of which of the following Indian leaders?,Dr. Rajendra Prasad,Maulana Abul Kalam Azad,Jawaharlal Nehru,Sardar Vallabhbhai Patel,history,2,SSC CHSL,2023
"Which Article of the Indian Constitution deals with the formation of new states and alteration of areas, boundaries or names of existing states?",Article 5,Article 2,Article 3,Article 4,politics,3,SSC CHSL,2023
Who among the following was awarded the Padma Vibhushan award in the field of painting in 2023?,Dilip Mahalanabis,Kapil Kapoor,Suman Kalyanpur,Zakir Hussain,entertainment,1,SSC CHSL,2023
Which of the following festivals is celebrated in the state of Odisha?,Lohri,Pongal,Bihu,Bali Tritiya,entertainment,4,SSC CHSL,2023
"In which of the following year, the 'Delhi Chalo' movement was started?",1942,1940,1941,1943,history,1,SSC CHSL,2023
Who among the following was the founder of the Pala Dynasty?,Gopala,Dhruva,Nagabhata 1,Harsha,history,1,SSC CHSL,2023
The President of India is elected by an Electoral College consisting of the elected members of,"Both the Houses of Parliament, the elected members of the Legislative Assemblies of the States and the Union Territories of Delhi and Puducherry",The Lok Sabha and the Rajya Sabha only.,"the Rajya Sabha, the Lok Sabha and the State Legislative Council",the Rajya Sabha and the State Legislative Council only,politics,1,SSC CHSL,2023
"Who among the following has been appointed as the Chief Executive Officer of NITI Aayog on February 20, 2023?",B. V. R. Subrahmanyam,Parameswaran Iyer,Shashi Kant Sharma,Arvind Subramanian,current_affairs,1,SSC CHSL,2023
Which of the following dance forms is NOT listed in the list of UNESCO's Intangible Cultural Heritage?,Mudiyettu,Ramman,Bhangra,Kalbelia,entertainment,3,SSC CHSL,2023
The maximum gap allowed between two sessions of Parliament is,6 Months,3 Months,9 Months,12 Months,politics,1,SSC CHSL,2023
The book titled 'The Poverty of Political Economy' has been authored by whom among the following?,Meghnad Desai,Jagdish Bhagwati,Vijay Kelkar,Bibek Debroy,politics,1,SSC CHSL,2023
Lepidopterist is the person who studies or collects?,butterflies,postcards,coins,stamps,gk,1,SSC CHSL,2018
Chickenpox in caused by?,fungus,protozoa,virus,bacteria,science,3,SSC CHSL,2018
Who was sworn-in the 6th Chief  Minister of the state of Sikkim?,Karan Thapar,Suresh Kumar,Prem Singh Tamang,Karun Chandhok,politics,3,SSC CHSL,2018
AIX is an open operating system from IBM that is based on a version of?,Windows,Android,UNIX,iOS,tech,3,SSC CHSL,2018
Which state has signed an MoU with Tech Mahindra to launch India's first Blockchain District?,Andhra Pradesh,Karnataka,Telangana,Tamil Nadu,tech,3,SSC CHSL,2018
Anatomy is the branch of biology concerned with the study of the?,diseases,structure of organisms,functions of body parts,classification of organisms,science,2,SSC CHSL,2018
Walayar Dam is a dam in which district of Kerala?,Idukki,Palakkad,Thrissur,Kozhikode,gk,2,SSC CHSL,2018
Who is the author of the book 'devil's advocate the untold story'?,Barkha Dutt,Rajdeep Sardesai,Karan Thapar,Arnab Goswami,entertainment,3,SSC CHSL,2018
Karun Chandhok is associated with which sport?,Cricket,Hockey,Tennis,Formula One Racing,sports,4,SSC CHSL,2018
Ottamthullal form was originated in which state?,Tamil Nadu,Karnataka,Kerala,Andhra Pradesh,gk,3,SSC CHSL,2018
IMPS offers an inter-bank electronic fund transfer service through?,Internet Banking,Debit Cards,Credit Cards,Mobile phones,tech,4,SSC CHSL,2018
"Which is the coldest inhabited place in India, often called The Gateway to Ladakh?",Leh,Dras valley of Kashmir,Siachen Glacier,Kargil,gk,2,SSC CHSL,2018
Who was the author of the book 'Principles of Political Economy (1848)'?,Adam Smith,John Stuart Mill,David Ricardo,Thomas Malthus,history,2,SSC CHSL,2018
The first match of ICC cricket World Cup 2019 will be played between which teams?,India and Pakistan,England and South Africa,Australia and New Zealand,West Indies and Sri Lanka,sports,2,SSC CHSL,2018
Lepidopterist is the person who studies or collects which of the following?,butterflies,postcards,coins,stamps,gk,1,SSC CHSL,2018
Chickenpox is caused by which of the following?,Fungus,Protozoa,Virus,Bacteria,science,3,SSC CHSL,2018
The Global Venture Capital Summit 2018 kicked off in which of the following states?,Delhi,Mumbai,Chennai,Goa,current_affairs,4,SSC CHSL,2018
"Prem Singh Tamang, was sworn-in the Chief Minister of which of the following states?",Assam,Meghalaya,Sikkim,Manipur,politics,3,SSC CHSL,2018
AIX (Advanced Interactive eXecutive) is an open operating system from which of the following companies?,Microsoft,Google,IBM,Apple,tech,3,SSC CHSL,2018
India's first Blockchain District Telangana launched with which of the following companies?,TCS,Infosys,Tech Mahindra,Wipro,tech,3,SSC CHSL,2018
The border crossing of India/Nepal is traditionally known as which of the following?,Kakarbhitta,Sunauli,Birgunj,Raxaul,gk,2,SSC CHSL,2018
Kutiyattam art forms belongs to which of the following states?,Tamil Nadu,Kerala,Karnataka,Andhra Pradesh,entertainment,2,SSC CHSL,2018
Walayar Dam is located in which of the following districts of Kerala?,Idukki,Kollam,Palakkad,Thrissur,gk,3,SSC CHSL,2018
Who is the author of the book 'Devil's Advocate: The Untold Story'?,Arundhati Roy,Vikram Seth,Karan Thapar,Khushwant Singh,entertainment,3,SSC CHSL,2018
Karun Chandhok is associated with which of the following sports?,Cricket,Hockey,Tennis,Formula 1 Racing,sports,4,SSC CHSL,2018
Ottamthullal form was originated in the 18th century and has become a popular dance form of which of the following states?,Tamil Nadu,Karnataka,Kerala,Andhra Pradesh,entertainment,3,SSC CHSL,2018
IMPS offers an inter-bank electronic fund transfer service through which of the following?,internet,bank,ATM,mobile phones,tech,4,SSC CHSL,2018
Dras valley of Kashmir is the coldest inhabited place in which of the following?,Pakistan,India,China,Nepal,gk,2,SSC CHSL,2018
Principles of Political Economy (1848) book was written by?,Adam Smith,John Stuart Mill,David Ricardo,Alfred Marshall,history,2,SSC CHSL,2018
"Which pistol shaped organ produces the enzymes amylase, lipase and protease?",Liver,Gallbladder,Stomach,Pancreas,science,4,SSC CHSL,2018
Who created the first search engine Archie?,Alan Emtage,Martin Cooper,Ray Tomlinson,Vint Cerf,tech,1,SSC CHSL,2018
The first match of ICC cricket World Cup 2019 will be played between hosts England and which of the following countries?,Australia,South Africa,India,New Zealand,sports,2,SSC CHSL,2018
As of March 2023 India men's Soccer team captain Sunil Chhetri became the __________ highest goal Scorer in International Football appearances.,Second,Third,Fourth,Fifth,sports,4,SSC CHSL,2023
The Planning Commission was established in India in the year 1950 under the Chairmanship of ___________ .,Jawaharlal Nehru,Gulzarilal Nanda,Rajendra Prasad,Vallabhbhai Patel,gk,1,SSC CHSL,2023
In which of the following years was the Battle of Buxar fought?,1774,1757,1764,1784,history,3,SSC CHSL,2023
Which of the following Articles of the Constitution of India deals with the establishment and constitution of States?,Article 153,Article 179,Article 163,Article 170,politics,4,SSC CHSL,2023
Who among the following introduced Doctrine of Lapse?,Lord Lytton,Lord Ripon,Lord Curzon,Lord Dalhousie,history,3,SSC CHSL,2023
Who among the following was the founder of the Tughlaq dynasty?,Ghiyas-ud-din Tughlaq,Muhammad bin Tughluq,Nasiruddin Mahmud,Firuz Shah Tughlaq,history,1,SSC CHSL,2023
Who among the following was India’s first Individual Olympic gold medalist?,KD Jadhav,Leander Paes,Abhinav Bindra,Milkha Singh,sports,3,SSC CHSL,2023
Which of the following is NOT a vector borne disease?,Malaria,Filariasis,Athlete's Foot,Dengue Fever,health,3,SSC CHSL,2023
Which of the following dynasties was founded by Bappa Rawal?,Chola Dynasty,Maurya Dynasty,Nanda Dynasty,Guhila Dynasty,history,4,SSC CHSL,2023
Who among the following has been given the charge of Ministry of Law and Justice in May 2023?,Arjun Ram Meghwal,Kiren Rijiju,Rajiv Chandrasekhar,Jitendra Singh,current_affairs,1,SSC CHSL,2023
Who among the following was called the ‘Napoleon of India’?,Chandragupta Maurya,Raja Raja Chola I,Harshavardhana,Samudragupta,history,4,SSC CHSL,2023
Which of the following is a water-soluble vitamin?,Vitamin A,Vitamin D,Vitamin C,Vitamin K,science,3,SSC CHSL,2023
Rulers of which dynasty patronised Jainism and one of them is reported to have accepted Jainism under the influence of a Jain scholar Hemachandra?,Solanki dynasty,Haryanka dynasty,Maurya dynasty,Gupta dynasty,history,1,SSC CHSL,2023
Which of the following Himalayan peaks is NOT located in India?,Mount Everest,Nanda Devi,Kangto,Kamet,gk,1,SSC CHSL,2023
"In economics, the Gini coefficient is most often used as a measure of which of the following?",Gross Domestic Product,Inflation,Trade Balance,Income inequality,gk,4,SSC CHSL,2023
When was the All India Women's Conference founded?,1927,1937,1907,1917,history,1,SSC CHSL,2023
"The National Rural Employment Guarantee Act, now known as Mahatma Gandhi National Rural Employment Guarantee Act, was first enacted in the year______. ",2001,2003,2005,2007,gk,3,SSC CHSL,2023
Lepidopterist is the person who studies or collects ___________,butterflies,postcards,coins,stamps,gk,1,SSC CHSL,2018
Chickenpox in caused by ___________,Fungus,Algae,Virus,Protozoa,science,3,SSC CHSL,2018
The Global Venture Capital Summit 2018 kicked off in Goa on ___________,December 1,December 17,December 27,December 7,current_affairs,4,SSC CHSL,2018
Sikkim Krantikari Morcha (SKM) president ___________ was sworn-in the 6th Chief  Minister of the state of Sikkim.,Pawan Chamling,Nar Bahadur Bhandari,Prem Singh Tamang,Bhimanand Rai,politics,3,SSC CHSL,2018
AIX (Advanced Interactive eXecutive) is “an open operating system from IBM that is based on a version of ___________,Windows,Android,UNIX,MAC,tech,3,SSC CHSL,2018
Telangana has signed an MoU with which company to launch India's first Blockchain District Telangana?,Wipro,Infosys,Tech Mahindra,TCS,tech,3,SSC CHSL,2018
The border crossing of India/Nepal is traditionally known as ___________,Nathula,Sunauli,Moreh,Ranigunj,gk,2,SSC CHSL,2018
___________ is the branch of biology concerned with the study of the structure of organisms and their parts.,Botany,Anatomy,Zoology,Mycology,science,2,SSC CHSL,2018
Walayar Dam is a dam in Palakkad district of ___________,Karnataka,Kerala,Tamil Nadu,Andhra Pradesh,gk,2,SSC CHSL,2018
Karun Chandhok was born on 19 January 1984 in ___________,Mumbai,Kolkata,Delhi,Chennai,sports,4,SSC CHSL,2018
Ottamthullal form was originated in the 18th century and has become a popular dance form of ___________,Karnataka,Tamil Nadu,Kerala,Andhra Pradesh,entertainment,3,SSC CHSL,2018
Scissor Cup is associated with ___________,Hockey,Cricket,Badminton,Football,sports,4,SSC CHSL,2018
Immediate Payment Service is an instant payment inter-bank electronic funds transfer system in ___________,USA,China,Japan,India,gk,4,SSC CHSL,2018
The height of the Statue of Unity is ___________ meters,240,208,200,182,gk,4,SSC CHSL,2018
Dras valley of Kashmir is the coldest inhabited place in ___________,Nepal,India,Bhutan,China,gk,2,SSC CHSL,2018
Principles of Political Economy (1848) book was written by ___________,Adam Smith,John Stuart Mill,David Ricardo,Thomas Malthus,history,2,SSC CHSL,2018
"Which pistol shaped organ, produces the enzymes amylase, lipase and protease?",Liver,Kidney,Gallbladder,Pancreas,science,4,SSC CHSL,2018
The first search engine created was ___________,Google,Archie,Bing,Yahoo,tech,2,SSC CHSL,2018
The first match of ICC cricket World Cup 2019 will be played between England and ___________,Australia,South Africa,India,New Zealand,sports,2,SSC CHSL,2018
Lepidopterist is the person who studies or collects __________.,butterflies,postcards,coins,stamps,gk,1,SSC CHSL,2019
Chickenpox in caused by __________.,Fungus,Protozoa,Virus,Bacteria,science,3,SSC CHSL,2019
The Global Venture Capital Summit 2018 kicked off in __________.,Delhi,Mumbai,Chennai,Goa,current_affairs,4,SSC CHSL,2019
Sikkim Krantikari Morcha (SKM) president __________ was sworn-in the 6th Chief Minister of the state of Sikkim.,Pawan Kumar Chamling,Narendra Modi,Prem Singh Tamang,Amit Shah,politics,3,SSC CHSL,2019
__________ (Advanced Interactive eXecutive) is “an open operating system from IBM that is based on a version of UNIX.,Windows,iOS,AIX,Android,tech,3,SSC CHSL,2019
India's first Blockchain District Telangana is signed an MoU with __________.,IBM,TCS,Tech Mahindra,Infosys,tech,3,SSC CHSL,2019
The border crossing of India/Nepal is traditionally known as __________.,Nathula Pass,Sunauli,Khardungla Pass,Shipki La,gk,2,SSC CHSL,2019
__________ art forms of Kerala is in UNESCO’s list of the intangible Cultural Heritage of Humanity.,Kathakali,Kutiyattam,Mohiniyattam,Ottamthullal,entertainment,2,SSC CHSL,2019
"Walayar Dam is a dam in __________ district of Kerala, south India.",Idukki,Palakkad,Thrissur,Wayanad,gk,2,SSC CHSL,2019
__________ is the author of devil's advocate the untold story.,Vikram Seth,Arundhati Roy,Karan Thapar,Khushwant Singh,entertainment,3,SSC CHSL,2019
"In May 2019, __________ was appointed as the Chief Technology Officer of Walmart.",Kevin Turner,Suresh Kumar,Doug McMillon,Greg Penner,current_affairs,2,SSC CHSL,2019
__________ was born on 19 January 1984 in Channai Tamilnadu India. ,Gaurav Gill,Narain Karthikeyan,Sandeep Paul Singh,Karun Chandhok,sports,4,SSC CHSL,2019
__________ form was originated in the 18th century and has become a popular dance form of Kerala.,Kathakali,Mohiniyattam,Ottamthullal,Bharatanatyam,entertainment,3,SSC CHSL,2019
Scissor Cup is associated with __________.,Cricket,Hockey,Badminton,Football,sports,4,SSC CHSL,2019
Immediate Payment Service is an instant payment inter-bank electronic funds transfer system in __________.,USA,UK,China,India,gk,4,SSC CHSL,2019
The height of the Statue of Unity is __________ meters.,153,164,175,182,gk,4,SSC CHSL,2019
Dras valley of Kashmir is the coldest inhabited place in __________.,China,India,Nepal,Bhutan,gk,2,SSC CHSL,2019
Admiral Karambir Singh assumed command of the Indian Navy on 31 May 2019 as the 24th Chief of the __________ Staff.,Army,Air Force,Border Security Force,Naval,current_affairs,4,SSC CHSL,2019
Benjamin Franklin coined the term “__________” to describe the way a row of capacitors resembled a battery of canons.,battery,cell,fuel,resistor,science,1,SSC CHSL,2019
Principles of Political Economy (1848) is written by __________.,Adam Smith,John Stuart Mill,David Ricardo,Alfred Marshall,history,2,SSC CHSL,2019
"The __________, a pistol shaped organ, produces the enzymes amylase, lipase and protease and releases them into the small intestine when needed.",kidney,liver,gall bladder,pancreas,science,4,SSC CHSL,2019
Jyotirao Govindrao Phule (Mahatma) dedicated his book Gulamgiri to the American movement to free __________.,slaves,women,farmers,tribals,history,1,SSC CHSL,2019
"The first search engine created was __________, created in 1990 by Alan Emtage",Archie,Google,Bing,Yahoo,tech,1,SSC CHSL,2019
__________ was India's defence minister during the 1971 war.,Yashwantrao Chavan,Sardar Swaran Singh,Indira Gandhi,Jagjivan Ram,history,4,SSC CHSL,2019
"Chhattisgarh shares its borders with the states of Uttar Pradesh in north, Madhya Pradesh and Maharashtra in west, Telangana in southwest, Odisha in east and __________ in northeast.",Jharkhand,Bihar,West Bengal,Andhra Pradesh,gk,1,SSC CHSL,2019
The first match of ICC cricket World Cup 2019 will be played between hosts England and __________.,West Indies,South Africa,Australia,India,sports,2,SSC CHSL,2019
"The Planning Commission in India was set up in the year 1950, with Prime Minister Jawaharlal Nehru as its first __________.",Chairman,Deputy Chairman,Executive Head,Advisor,politics,1,SSC CHSL,2023
The book 'The India Way: Strategies for an Uncertain World' is authored by __________.,Arun Jaitley,Nirmala Sitharaman,S. Jaishankar,Subrahmanyam Swamy,entertainment,3,SSC CHSL,2023
Who has become the youngest Indian to win a medal at the Asian Games?,Anahat Singh,Manika Batra,Joshna Chinappa,Dipika Pallikal,sports,1,SSC CHSL,2023
"Consider the following statements about the Permanent Settlement, 1793:
1. It secured the property rights and revenue demand for the East India Company on a permanent basis.
2. It fixed the land revenue demand for the zamindars, thus creating landlords in the country.
3. It introduced the Ryotwari system in India.
Which of the statements given above are correct?",Only 1 and 2,Only 2 and 3,Only 1 and 3,"1, 2 and 3",history,1,SSC CHSL,2023
Who among the following became the first woman surgeon of India to get featured on the cover of Time magazine?,Indira Hinduja,Priya Abraham,Aditi Pant,Dr. Ritu Khanduri,gk,1,SSC CHSL,2023
Who among the following has been awarded the Nobel Prize in Literature 2023?,Jon Fosse,Annie Ernaux,Abdulrazak Gurnah,Louise Glück,entertainment,1,SSC CHSL,2023
"The book titled ""Fire on the Ganga: Life Among the Dead in Banaras"" is written by __________.",Manjula Dogra,Radhika Iyengar,Neerja Madhav,Ira Pande,entertainment,2,SSC CHSL,2023
What is the name of India's first indigenously developed nuclear power plant?,Madras Atomic Power Station,Tarapur Atomic Power Station,Kudankulam Nuclear Power Plant,Kakrapar Atomic Power Station,gk,4,SSC CHSL,2023
Which of the following is NOT a cause of land degradation?,Deforestation,Overgrazing,Sustainable agriculture,Soil erosion,gk,3,SSC CHSL,2023
Who among the following was the first recipient of 'Bharat Ratna' award?,C. Rajagopalachari,C.V. Raman,S. Radhakrishnan,All of these,gk,1,SSC CHSL,2023
Who among the following has been honoured with the 2023 'Sashastra Ramanujan Prize' for Mathematics?,Dr. Yuqi Qiu,Rukmini De,Satyam Kumar,Parthiv Halder,gk,1,SSC CHSL,2023
Which of the following countries is hosting the ICC Men’s Cricket World Cup 2023?,Sri Lanka,India,Australia,England,sports,2,SSC CHSL,2023
"Aung San Suu Kyi is a/an __________ politician, diplomat, author and a Nobel Prize laureate.",Myanmar,Singaporean,Malaysian,Vietnamese,politics,1,SSC CHSL,2023
Which of the following Articles of the Constitution of India deals with the procedure for amendment to the Constitution?,Article 360,Article 368,Article 370,Article 380,politics,2,SSC CHSL,2023
Kushok Bakula Rimpochee Airport is located in __________.,Leh,Dehradun,Gangtok,Itanagar,gk,1,SSC CHSL,2023
The Global Venture Capital Summit 2018 kicked off in Goa on,December 9,December 8,December 6,December 7,current_affairs,4,SSC CHSL,2019
"Sikkim Krantikari Morcha (SKM) president Prem Singh Tamang, 
popularly known as P S Golay was sworn-in the 6th Chief 
Minister of the state of Sikkim on",29 May 2019,28 May 2019,27 May 2019,26 May 2019,politics,3,SSC CHSL,2019
"AIX (Advanced Interactive eXecutive) is an open operating 
system from which company that is based on a version of UNIX?",Microsoft,Apple,IBM,Samsung,tech,3,SSC CHSL,2019
"Which state's Information Technology, Electronics and Communication department (ITE&C) 
has signed an MoU (Memorandum of Understanding) with digital transformation services provider Tech 
Mahindra to launch India's first Blockchain District?",Tamil Nadu,Karnataka,Telangana,Andhra Pradesh,tech,3,SSC CHSL,2019
Anatomy is the branch of biology concerned with the study of the,diseases,structure of organisms and their parts.,functions,medicines,science,2,SSC CHSL,2019
Walayar Dam is a dam in Palakkad district of which state?,Tamil Nadu,Kerala,Karnataka,Andhra Pradesh,gk,2,SSC CHSL,2019
Karun Chandhok is related to which sports?,Cricket,Hockey,Football,Formula One racing,sports,4,SSC CHSL,2019
What is the full form of IMPS?,Inquiry Money Protect Service,Indian Money Payment System,International Money Protect Service,Immediate Payment Service,tech,4,SSC CHSL,2019
Principles of Political Economy (1848) is written by,Alfred Marshall,John Stuart Mill,Adam Smith,David Ricardo,history,2,SSC CHSL,2019
"Who dedicated his 
book Gulamgiri to the American movement to free slaves, he linked the conditions of the black slaves in 
America with those of the lower castes in India?",Jyotirao Govindrao Phule (Mahatma),Dr. B. R. Ambedkar,Vithal Ramji Shinde,Gopal Baba Walangkar,history,1,SSC CHSL,2019
Which was the first search engine created?,Google,Archie,Altavista,Yahoo,tech,2,SSC CHSL,2019
The first match of ICC cricket World Cup 2019 will be played between hosts England and,India,South Africa,Australia,West Indies,sports,2,SSC CHSL,2019
The concept of Five Years Plans in India was borrowed from?,The USSR,The USA,The UK,Ireland,politics,1,SSC CHSL,2023
A book written by Mahatma Gandhi?,India Wins Freedom,My Experiments With Truth,Wings of Fire,Discovery of India,history,2,SSC CHSL,2023
"Which of the following parameters is NOT considered for the 
determination of HDI (Human Development Index) of a country?",Health,Education,Standard of living,Population Density,gk,4,SSC CHSL,2023
The system of Budget was introduced in India during the tenure of which Viceroy?,Lord Curzon,Lord Canning,Lord Dalhousie,Lord William Bentick,history,2,SSC CHSL,2023
Who among the following propounded the concept of ‘Antyodaya’?,Vinoba Bhave,Mahatma Gandhi,Jayaprakash Narayan,Deendayal Upadhyaya,history,4,SSC CHSL,2023
What is the study of earthquakes called?,Seismology,Etymology,Ecology,Numismatics,science,1,SSC CHSL,2023
Who is the author of the book 'The India Story'?,Bimal Jalan,Arun Shourie,Indira Gandhi,Manmohan Singh,entertainment,1,SSC CHSL,2023
On which date National Sports Day is celebrated in India?,29 August,29 July,29 June,29 September,sports,1,SSC CHSL,2023
Who among the following has NOT been awarded the Bharat Ratna?,Gulzarilal Nanda,Lal Bahadur Shastri,Rajiv Gandhi,Sardar Vallabhbhai Patel,gk,4,SSC CHSL,2023
Which Indian city is known as the 'City of Pearls'?,Hyderabad,Chennai,Bangalore,Mumbai,gk,1,SSC CHSL,2023
"In the context of the Indian economy, what does the term 'LPG' stand for?","Liberalisation, Privatisation, Globalisation","Land, Productivity, Growth","Liquidity, Profitability, Growth","Land, Production, Globalisation",gk,1,SSC CHSL,2023
"The rulers of which of the following Rajput dynasties patronised
Jainism and one of them is reported to have accepted Jainism under the
influence of a Jain scholar Hemachandra?",Tomaras,Gahadavala,Chauhans,Solankis,history,4,SSC CHSL,2023
Who is the Chairman of NITI Aayog as of March 2023?,The Prime Minister,President,Finance Minister,RBI Governer,politics,1,SSC CHSL,2023
"The National Rural Employment Guarantee Act, now known as Mahatma Gandhi
National Rural Employment Guarantee Act, was first enacted in the year______.",2000,2002,2005,2008,politics,3,SSC CHSL,2023
Which of the following is celebrated as 'Constitution Day'?,26th November,26th January,15th August,9th December,politics,1,SSC CHSL,2023
"_______ is/are an item for which both, GST and central excise duty are applicable in
India.",Cotton,Footwear,Textiles,Tobacco,gk,4,SSC CHSL,2023
Who among the following was the founder of the Theosophical Society?,Madam H. P. Blavatsky,Annie Besant,Henry Steel Olcott,Both Madam H. P. Blavatsky and Henry Steel Olcott,history,4,SSC CHSL,2023
The term 'Pitch' is associated with which sport?,Cricket,Hockey,Badminton,Table Tennis,sports,1,SSC CHSL,2023
Which of the following Five Year Plan had an objective to correct the disequilibrium in the economy?,First Five Year Plan,Second Five Year Plan,Third Five Year Plan,Fourth Five Year Plan,politics,2,SSC CHSL,2023
"A programme which transformed Indian agriculture by introducing early high-yielding varieties of wheat and rice, what was it called?",It was designed to give preferential treatment to big farmers.,It was funded by international agencies.,It was targeted mainly in the wheat and rice-growing areas.,It was introduced only in areas that had assured irrigation.,gk,3,SSC CHSL,2023
Who among the following was the founder of the Servants of India Society?,Gopal Krishna Gokhale,M. G. Ranade,B. G. Tilak,Bipin Chandra Pal,history,1,SSC CHSL,2023
"For creating the public awareness regarding the safe and nutritious food, who tied up with the Food Safety and Standards Authority of India (FSSAI)?",Bollywood celebrities,Sportspersons,Consumers of products,Social media influencers,gk,4,SSC CHSL,2023
The battle of Plassey was fought between Siraj-ud-Daulah and?,Robert Clive,Lord Canning,Warren Hastings,Lord Cornwallis,history,1,SSC CHSL,2023
Who is the current Chief Justice of India (as of December 2022)?,Justice D.Y. Chandrachud,Justice Uday Umesh Lalit,Justice N. V. Ramana,Justice Sharad Arvind Bobde,politics,1,SSC CHSL,2023
Chickenpox is caused by?,Fungus,Protozoa,Virus,Bacteria,science,3,SSC CHSL,2018
Sikkim Krantikari Morcha (SKM) president?,Kiren Rijiju,Ganga Prasad,Prem Singh Tamang,Pawan Kumar Chamling,politics,3,SSC CHSL,2018
AIX (Advanced Interactive eXecutive) is an open operating system from which company?,Microsoft,Apple,IBM,Oracle,tech,3,SSC CHSL,2018
Kutiyattam art forms belongs to which state?,Tamil Nadu,Kerala,Karnataka,Andhra Pradesh,gk,2,SSC CHSL,2018
Anatomy is the branch of?,Chemistry,Biology,Physics,Geography,science,2,SSC CHSL,2018
Walayar Dam is in which state?,Tamil Nadu,Kerala,Karnataka,Andhra Pradesh,gk,2,SSC CHSL,2018
Karun Chandhok is related to?,Hockey,Cricket,Badminton,Formula One car racing,sports,4,SSC CHSL,2018
Ottamthullal form was originated in which century?,16th century,17th century,18th century,19th century,history,3,SSC CHSL,2018
IMPS stands for?,International Money Production System,Indian Money Production Service,Internal Payment Service,Immediate Payment Service,tech,4,SSC CHSL,2018
Principles of Political Economy (1848) book written by?,Adam Smith,John Stuart Mill,David Ricardo,Alfred Marshall,history,2,SSC CHSL,2018
Who was sworn-in the 6th Chief Minister of the state of Sikkim?,Pawan Chamling,Nar Bahadur Bhandari,Prem Singh Tamang,Bhiman Prasad Dahal,politics,3,SSC CHSL,2019
AIX is an open operating system from which company?,Microsoft,Google,IBM,Apple,tech,3,SSC CHSL,2019
Who created the first search engine 'Archie'?,Alan Emtage,Martin Cooper,Raymond Tomlinson,Vinton Cerf,tech,1,SSC CHSL,2019
The first match of ICC cricket World Cup 2019 will be played between?,England and South Africa,India and Australia,England and India,Australia and Pakistan,sports,1,SSC CHSL,2019
Native means?,a person who always live in other countries,a person born in a specified place,a person who never live in their own country,a person who is used to live with animals,gk,2,SSC CHSL,2019
Expose means?,Hide something carefully,Stealing something,make something visible,not making visible,gk,3,SSC CHSL,2019
miniscule means?,Very fast,huge or enormous.,extremely small,not big or fast,gk,3,SSC CHSL,2019
What is correct spelling?,Commitee,Celebretion,Celebration,Comitte,gk,3,SSC CHSL,2019
A lot of peoples,A lot of people,Lot of peoples,A lots of peoples,Lot of people,gk,1,SSC CHSL,2019
Adversary means?,"enemy, rival",friends,Supporter,relative,gk,1,SSC CHSL,2019
Dance to someone’s tune means?,like dance,obey someone,sing,write,gk,2,SSC CHSL,2019
Eagle is,Iggle,Eegle,Egle,Eagle,gk,4,SSC CHSL,2019
indent means?,an official order or requisition for goods.,do something,to order official,never order of anything,gk,1,SSC CHSL,2019
Indelible means?,Incapable of making mistakes or being wrong.,too powerful to be defeated or overcome.,making marks that cannot be removed.,to take an action.,gk,3,SSC CHSL,2019
Abound means?,exist in large numbers or amounts.,a story.,a song,a novel,gk,1,SSC CHSL,2019
What is most appropriate idiom for underlined segment,Smelling a rat,Egging on,Carrying the conviction,Rising like a phoenix,gk,2,SSC CHSL,2023
Which of the following organization was replaced by NITI Aayog?,The NITI Aayog,The Parliament,The Finance Commission,The Planning Commission,gk,4,SSC CHSL,2023
To which of the following states 'Nokrek National Park' is located?,Assam,Arunachal Pradesh,Meghalaya,Manipur,gk,3,SSC CHSL,2023
Which of the following is the purpose of “Pradhan Mantri Kisan Samman Nidhi (PM-KISAN)” scheme?,Providing pension to small and marginal farmers,Providing insurance cover to farmers,Providing financial assistance to small and marginal farmers,Providing irrigation facilities to farmers,gk,3,SSC CHSL,2023
In which of the following state 'Kunchikal Falls' is located?,Odisha,Andhra Pradesh,Karnataka,Tamil Nadu,gk,3,SSC CHSL,2023
Who is the author of the book 'The God of Small Things'?,Arundhati Roy,Anita Desai,Vikram Seth,Salman Rushdie,gk,1,SSC CHSL,2023
‘Deen Dayal Upadhyay Gram Jyoti Yojana’ is related to which of the following option?,Rural Electrification,Rural Sanitation,Rural Education,Rural Healthcare,gk,1,SSC CHSL,2023
With which of the following sports is the term 'Free Hit' associated?,Hockey,Volleyball,Football,Badminton,sports,1,SSC CHSL,2023
What is the name of autobiography of Sachin Tendulkar?,Playing it my way,The Test of my life,Straight from the heart,Unbreakable,gk,1,SSC CHSL,2023
Which of the following is the classical dance form of Andhra Pradesh?,Kathak,Sattriya,Kathakali,Kuchipudi,gk,4,SSC CHSL,2023
The book 'Indica' was written by whom?,Megasthenes,Kautilya,Kalhana,Banabhatta,history,1,SSC CHSL,2023
Which of the following is not a Rabi crop?,Wheat,Barley,Mustard,Rice,gk,4,SSC CHSL,2023
In which of the following state 'Pangong Tso Lake' is located?,Ladakh,Uttarakhand,Sikkim,Meghalaya,gk,1,SSC CHSL,2023
Who among the following was the founder of the 'Servants of India Society'?,Gopal Krishna Gokhale,Mahatma Gandhi,Jyotirao Phule,Dadabhai Naoroji,history,1,SSC CHSL,2023
Who among the following was the first Indian woman to win an Olympic medal?,Karnam Malleswari,Mary Kom,Saina Nehwal,P.V. Sindhu,sports,1,SSC CHSL,2023
Who is the author of the book 'Train to Pakistan'?,Khushwant Singh,R. K. Narayan,Vikram Seth,Aravind Adiga,entertainment,1,SSC CHSL,2023
The 'Battle of Buxar' was fought in which year?,1764,1757,1761,1775,history,1,SSC CHSL,2023
The rulers of which of the following Rajput dynasties patronised Jainism and one of them is reported to have accepted Jainism under the influence of a Jain scholar Hemachandra?,Chahamanas,Tomar,Guhilot,Chalukya,history,4,SSC CHSL,2023
"With reference to economics, what is 'CRISIL'?",Credit Rating Agency,Share Market Index,Mutual Fund Company,Commodity Exchange,gk,1,SSC CHSL,2023
Which of the following article deals with the 'Constitution Amendment Procedure'?,Article 368,Article 360,Article 370,Article 356,politics,1,SSC CHSL,2023
"The National Rural Employment Guarantee Act, now known as Mahatma Gandhi National Rural Employment Guarantee Act, was first enacted in the year______.",2009,2000,2005,2010,gk,3,SSC CHSL,2023
Which among the following is the largest fresh water lake in India?,Wular Lake,Chilika Lake,Pulicat Lake,Sambhar Lake,gk,1,SSC CHSL,2023
"_______ is/are an item for which both, GST and central excise duty are applicable in India.",Cotton Cloth,Computer,Gold,Tobacco,gk,4,SSC CHSL,2023
Who among the following was the first Indian to receive 'Ramon Magsaysay Award'?,Acharya Vinoba Bhave,Verghese Kurien,Mother Teresa,Arvind Kejriwal,gk,1,SSC CHSL,2023
Which of the following is the most important characteristic of the 'Green Revolution' in India?,It was funded by international agencies.,It was a private-sector programme for agricultural modernization.,It was targeted mainly in the wheat and rice-growing areas.,It was introduced only in areas that had assured irrigation.,gk,3,SSC CHSL,2023
The Global Venture Capital Summit 2018 kicked off in Goa on which date?,December 9,December 8,December 6,December 7,current_affairs,4,SSC CHSL,2019
Sikkim Krantikari Morcha (SKM) president popularly known as?,P S Goley,P S Tamang,Prem Singh Tamang,Prem Singh Goley,politics,3,SSC CHSL,2019
AIX (Advanced Interactive eXecutive) is “an open operating system from IBM that is based on a version of what?,Window,Android,UNIX,DOS,tech,3,SSC CHSL,2019
India's first Blockchain District Telangana launched with which digital transformation services provider?,TCS,HCL,Tech Mahindra,Infosys,tech,3,SSC CHSL,2019
Which Indian was born on 19 January 1984 in Chennai Tamilnadu India and Winning the Indian national racing championship in 2000?,Narain Karthikeyan,Aditya Patel,Armaan Ebrahim,Karun Chandhok,sports,4,SSC CHSL,2019
Principles of Political Economy (1848) written by?,Adam Smith,John Stuart Mill,David Ricardo,Alfred Marshall,history,2,SSC CHSL,2019
Who created the first search engine Archie in 1990?,Alan Emtage,Martin Cooper,Ray Tomlinson,Vinton Cerf,tech,1,SSC CHSL,2019
The first Sayyid ruler of Delhi was?,Raja dahir,Muhammad Ghori,Babur,Khizr Khan,history,4,SSC CHSL,2019
Who was the captain of the Indian Women’s Kabaddi team in the Asian Games 2018?,Mamatha Poojari,Tejaswini Bai,Kavita Thakur,Payel Chowdhury,sports,4,SSC CHSL,2019
Which Indian State has the longest border with china?,Jammu and Kashmir,Arunachal Pradesh,Uttarakhand,Sikkim,gk,2,SSC CHSL,2019
Which political party was NOT an ally of the BJP-led NDA in 2019 Lok Sabha elections?,AIADMK,Lok Janshakti Party,Shiromani Akali Dal,Dravida Munnetra Kazhagam (DMK),politics,4,SSC CHSL,2019
"Who was announced as the 2019 winner of the USD 100,000 Nine Dots Prize?",Annie Zaidi,Anjali Joseph,Meena Kandasamy,Prayaag Akbar,current_affairs,1,SSC CHSL,2019
Which company has announced that it will invest USD 70 million to build a food manufacturing plant in Uttar Pradesh?,Reliance Retail,Adani Wilmar,PepsiCo India,ITC Limited,current_affairs,3,SSC CHSL,2019
Who won a silver medal at the Equestrian Jumping Final at the Asian Games 2018 in Jakarta?,Ashish Malik,Fouaad Mirza,Jitender Singh,Imtiaz Anees,sports,2,SSC CHSL,2019
"PM Narendra Modi is a Hindi-language biographical drama film, directed by?",Anubhav Sinha,Omung Kumar,Hansal Mehta,Sudhir Mishra,entertainment,2,SSC CHSL,2019
Which of the following states became the latest states to enact ban on the occasion of World No Tobacco Day on May 31?,Bihar and Jharkhand,Punjab and Haryana,Maharashtra and Rajasthan,Gujarat and Telangana,health,3,SSC CHSL,2019
__________ is a purification technique for a liquid or a mixture of liquids.,Sublimation,Crystallisation,Distillation,Filtration,science,3,SSC CHSL,2019
Which of the following is the most important ore of lead and an important source of silver?,Cryolite,Corundum,Bauxite,Galena,science,4,SSC CHSL,2019
"The Dhola–Sadiya Bridge, also referred to as the Bhupen Hazarika Setu is a beam bridge in India, connecting the northeast states of?",Manipur and Mizoram,Nagaland and Sikkim,Meghalaya and Tripura,Assam and Arunachal Pradesh,gk,4,SSC CHSL,2019
"Panchavati, or modern day Nashik, is a city which is so deeply rooted in legends among the places visited by?",Lord Krishna,Lord Shiva,Lord Rama,Lord Ganesha,history,3,SSC CHSL,2019
"Who is the current Minister for Road Transport & Highways of India and Shipping Ministry of Micro, Small and Medium Enterprises in the Government of India?",Piyush Goyal,Nitin Jairam Gadkari,Narendra Singh Tomar,Prakash Javadekar,politics,2,SSC CHSL,2019
Rani ki Vav is a stepwell situated in the town of Patan in which state of India?,Rajasthan,Gujarat,Haryana,Punjab,history,2,SSC CHSL,2019
Which act officially recognized Queen Victoria as “Empress of India”?,Government of India Act 1858,Indian Councils Act 1861,Regulating Act 1773,Royal Titles Act 1876,history,4,SSC CHSL,2019
What is the digit of GSTIN?,12,15,10,11,gk,2,SSC CHSL,2019
Who was Paan Singh Tomar?,Politician,Doctor,Social Worker,Soldier and athlete,sports,4,SSC CHSL,2019
When was Google incorporated as a privately-held company?,"September 4, 1998","October 2, 2000","August 15, 1995","July 20, 1990",tech,1,SSC CHSL,2019
"In May 2019, the Government of India approved a new scheme which assures minimum monthly pension to all shopkeepers, retail traders and self-employed persons after attaining the age of 60 years. What is the pension amount for this scheme?",Rs 2000,Rs 5000,Rs 3000,Rs 4000,current_affairs,3,SSC CHSL,2019
What is Amortization?,A type of investment strategy,A method of calculating inflation,A type of accounting error,The process of paying off debt over time,gk,4,SSC CHSL,2019
The highest measured frequencies of EM waves are?,Gamma-rays,Radio waves,Microwaves,Infrared waves,science,1,SSC CHSL,2019
Which country is separated from Bhutan by the Indian state of Sikkim?,Myanmar,Nepal,China,Bangladesh,gk,2,SSC CHSL,2019
A region of computer memory where frequently accessed data can be stored for rapid access is called?,ROM,RAM,Virtual Memory,Cache,tech,4,SSC CHSL,2019
Kamayani (1936) is a Hindi epic poem (Mahakavya) by?,Mahadevi Verma,Jaishankar Prasad,Sumitranandan Pant,Suryakant Tripathi 'Nirala',entertainment,2,SSC CHSL,2019
The first Sayyid ruler of Delhi was __________ who had been governor of the Punjab.,Qutb ud-Din Mubarak Shah,Muhammad bin Tughluq,Ghiyasuddin Tughlaq,Khizr Khan,history,4,SSC CHSL,2023
__________ was the captain of the Indian Women’s Kabaddi team in the Asian Games 2018.,Mamata Poojari,Tejaswini Bai,Kavita Thakur,Payel Chowdhury,sports,4,SSC CHSL,2023
PepsiCo India has announced that it will invest USD 70 million to build a food manufacturing plant in which state?,Bihar,Haryana,Uttar Pradesh,Andhra Pradesh,current_affairs,3,SSC CHSL,2023
Fouaad Mirza won a silver medal at the Equestrian Jumping Final at the Asian Games 2018 in which city?,Kuala Lumpur,Jakarta,Bangkok,Singapore,sports,2,SSC CHSL,2023
"PM Narendra Modi is a Hindi-language biographical drama film, directed by whom?",Rajkumar Hirani,Omung Kumar,Rakeysh Omprakash Mehra,Sanjay Leela Bhansali,entertainment,2,SSC CHSL,2023
Which states became the latest states to enact the ban on the occasion of World No Tobacco Day on May 31?,Punjab and Haryana,Kerala and Tamil Nadu,Maharashtra and Rajasthan,Karnataka and Andhra Pradesh,health,3,SSC CHSL,2023
"Which is a purification technique for a liquid or a mixture of liquids, utilizing the difference in boiling points of liquids as a basis of separation?",Sublimation,Filtration,Distillation,Sedimentation,science,3,SSC CHSL,2023
What is Galena also called?,Calcium Carbonate,Sodium Chloride,Magnesium Sulphate,Lead Glance,science,4,SSC CHSL,2023
"The Dhola–Sadiya Bridge, also referred to as the Bhupen Hazarika Setu, connects which states?",Bihar and Jharkhand,Uttar Pradesh and Bihar,Odisha and West Bengal,Assam and Arunachal Pradesh,gk,4,SSC CHSL,2023
"Panchavati, or modern day Nashik, is related to which epic?",Mahabharata,Bhagavad Gita,Ramayana,Purana,history,3,SSC CHSL,2023
Who is the current Minister for Road Transport & Highways of India?,Piyush Goyal,Nitin Jairam Gadkari,Narendra Singh Tomar,Smriti Irani,politics,2,SSC CHSL,2023
Rani ki Vav is a stepwell situated in which state of India?,Rajasthan,Gujarat,Haryana,Punjab,gk,2,SSC CHSL,2023
What is Goods and Services Tax Identification Number (GSTIN)?,"A tax levied on the manufacture, sale, and consumption of goods and services",A unique 15 digit alphanumeric code used to identify business registered under Goods and Services Tax (GST),A tax on the production or sale of a single good or service,A destination-based tax,current_affairs,2,SSC CHSL,2023
Who are the founders of Google?,Bill Gates and Paul Allen,Steve Jobs and Steve Wozniak,Larry Page and Sergey Brin,Michael Dell and Kevin Rollins,tech,3,SSC CHSL,2023
Which EM waves are typically produced from the decay of atomic nuclei?,Gamma-rays,X-rays,Ultraviolet,Infrared,science,1,SSC CHSL,2023
Which Indian state separates Nepal from Bhutan?,Assam,Sikkim,Meghalaya,West Bengal,gk,2,SSC CHSL,2023
What is the region of computer memory where frequently accessed data can be stored for rapid access called?,ROM,RAM,Cache,Hard disk,tech,3,SSC CHSL,2023
Kamayani (1936) is a Hindi epic poem (Mahakavya) by whom?,Mahadevi Verma,Jaishankar Prasad,Sumitranandan Pant,Suryakant Tripathi 'Nirala',entertainment,2,SSC CHSL,2023
In which of the following locations was the Global venture Capital Summit 2018 held?,Mumbai,Pune,Ahmedabad,Goa,current_affairs,4,SSC CHSL,2018
"In May 2019, Prem Singh Tamang was sworn in as the Chief 
Minister of",Arunachal Pradesh,Odisha,Sikkim,Assam,current_affairs,3,SSC CHSL,2019
AIX is the operating system of which company?,Apple,Unisys,IBM,Microsoft,tech,3,SSC CHSL,2019
Which state has proposed to set up the first ‘Blockchain District’ in India?,Gujarat,Maharashtra,Telangana,Tamil Nadu,current_affairs,3,SSC CHSL,2019
The Sunauli border is a famous transit point between India and ____________-,Myanmar,Nepal,Pakistan,Bhutan,gk,2,SSC CHSL,2019
"Which of the following art forms of Kerala is in UNESCO’s list of the intangible Cultural 
Heritage of Humanity?",Theyyam,Kutiyattam,Chakyar Koothu,Thiruvathirakali,gk,2,SSC CHSL,2019
"_______ is the branch of biology that deals with the study of the structure of organisms and 
their organs.",Ecology,Anatomy,Chronobiology,Mycology,science,2,SSC CHSL,2019
The Walayar Dam is in which district of Kerala?,Kasaragod,Palakkad,Thrissur,Idukki,gk,2,SSC CHSL,2019
"Veteran Journalist and TV anchor Karan Thapar is the author of which of the following 
books?",Happyness,Rebel Sultans,Devil’s Advocate: The Untold Story,Why I Am a Hindu,entertainment,3,SSC CHSL,2019
"In May 2019, Suresh Kumar was appointed as the Chief Technology Officer of:",Amazon,Walmart,Google,Apple,current_affairs,2,SSC CHSL,2019
With which of the following sports is Karan Chandhok associated?,Lawn Tennis,Badminton,Table Tennis,Car Racing,sports,4,SSC CHSL,2019
Ottamthullal” is a traditional dance form that is popular in the state of:,Andhra Pradesh,Karnataka,Kerala,Tamil Nadu,entertainment,3,SSC CHSL,2019
"In the context of banking sector of India, what is the full form of IMPS",Instant Payment Service,Instant payment Sector,Immediate Payment Sector,Immediate Payment Service,gk,4,SSC CHSL,2019
What is the height of the Statue of Unity that is located in Gujarat?,93 m,120 m,153 m,182 m,gk,4,SSC CHSL,2019
Which is the coldest place in India?,Amarnath,Dras,Leh,Srinagar,gk,2,SSC CHSL,2019
Who was appointed as the 24th Chief of Naval Staff in May 2019?,Sunil Lanba,Surinder Pal Singh,Bimal Verma,Karambir Singh,current_affairs,4,SSC CHSL,2019
Who among the following coined the term “battery” to describe linked capacitors?,Benjamin Franklin,Luigi Galvani,John Frederic Deniell,Lewis Urry,science,1,SSC CHSL,2019
Who among the following is the author of “Principles of Political Economy”?,Milton Friedmen,John Stuart Mill,Joseph Schumpeter,David Rcardo,politics,2,SSC CHSL,2019
"The enzyme, Lipase is produced by which organ of the body?",Lung,Salivary gland,Liver,Pancreas,science,4,SSC CHSL,2019
The book ‘Gulamgiri’ was written by:,Jyotirao Phule,Haridas Thakur,Narayana Guru,Ramabai shinde,history,1,SSC CHSL,2019
Who was the founder of the first search engine called ‘Archie’?,David Filo,Alan Emtage,Matthew Gray,Martijn Koster,tech,2,SSC CHSL,2019
"Who among the following was India’s defence minster during the 1971 war between India 
and Pakistan?",Yashwantrao Chavan,Indira Gandhi,swaran Singh,Jagjivan Ram,history,4,SSC CHSL,2019
Chhattisgarh does NOT share its boundary with:,West Bengal,Uttar Pradesh,Madhya Pradesh,Telangana,gk,1,SSC CHSL,2019
"When was the first match of ICC Cricket World Cup 2019 
played?",2 June2019,30 May2019,1 June2019,31 May2019,sports,2,SSC CHSL,2019
‘Chickenpox’ is related to ‘Virus’ in the same way as ‘Ringworm’ is related to ‘____________’.,Protozoan,Bacterium,Nematodes,Fungus,science,4,SSC CHSL,2019
वनम्नवलवखत में से कौन ददल्ली का पहला सैय्यद शासक था?,मुबारक शाह,अलम शाह,मुहम्मद शाह,वखज्र खान,history,4,SSC CHSL,2019
"िर्प 2018 एवशयाइ खेलों में रजत जीतने िाली भारतीय मवहला कबड्डी टीम 
की कप्तान कौन थी?",मनप्रीत कौर,ररतु नेगी,शावलनी पाठक,पायल चौधरी,sports,2,SSC CHSL,2019
वनम्नवलवखत में से कौन सा राज्य चीन के साथ सबसे लंबी सीमा साझा करता है?,वसदिम,ऄरुणाचल प्रदेश,वहिमाचल प्रदेश,ईत्तराखंड,gk,2,SSC CHSL,2019
"वनम्नवलवखत में से कौन सा राजनीवतक दल 2019 के लोकसभा चुनािों में भाजपा के नेत्तृि में एनडीए का सहयोगी नहीं 
था?",वशरोमवण ऄकाली दल,ऄसम गण पररर्द,AIADMK,DMK,politics,4,SSC CHSL,2019
"वनम्नवलवखत में से कौन 2019, $100,000 नाआन डॉट्स पुरथकार का विजेता है?",एनी जैदी,चेतन भगत,शवश थरूर,ऄरुंधवत रॉय,current_affairs,1,SSC CHSL,2019
"जून 2019 में, पेप्सीको आंवडया ने __________ में एक खाद्य विवनमापण संयंि बनाने के वलए $70 वमवलयन का वनिेश 
करने का प्रथताि ददया।",महाराष्ट्र,गुजरात,ईत्तर प्रदेश,मध्य प्रदेश,current_affairs,3,SSC CHSL,2019
वनम्नवलवखत में से दकसने 2018 एवशयाइ खेलों में घुडसिारी प्रवतयोवगता में रजत पदक जीता?,अशीर् मवलक,फौअद वमर्ाप,राकेश कुमार,वजतेन्द्र ससह,sports,2,SSC CHSL,2019
दिल्म 'पीएम नरेंर मोदी' के वनदेशक कौन हैं?,वतग्मांशु धूवलया,ओमंग कुमार,राकेश ओमप्रकाश मेहरा,हंसल मेहता,entertainment,2,SSC CHSL,2019
"31 मइ को 'विश्व तंबाकू वनर्ेध ददिस' के ऄिसर पर, दकस राज्य ने इ-वसगरेट पर प्रवतबंध लगा ददया?",ऄसम,ईत्तर प्रदेश,राजथथान,गुजरात,health,3,SSC CHSL,2019
िाष्पीकरण और संघनन की संयुक्त प्रदक्रया को कहा जाता है:,ईध्िपपातन,क्रोमैटोग्राफी,असिन,दक्रथटलीकरण,science,3,SSC CHSL,2019
वनम्नवलवखत में से दकस धातु में गैवलना नामक ऄयथक होता है?,वनकेल,कॉपर,अयरन,लेड,science,4,SSC CHSL,2019
"भूपेन हजाररका सेतु, वजसे ढोला-सददया विज भी कहा जाता है, जो ऄसम और _______ को जोडता है।",वसदिम,मेघालय,पविम बंगाल,ऄरुणाचल प्रदेश,gk,4,SSC CHSL,2019
"पंचिटी, िाल्मीदक रामायण का एक प्रमुख थथान है, यह भारत के दकस राज्य में वथथत है?",तवमलनाडु,ईत्तर प्रदेश,महाराष्ट्र,ईत्तराखंड,gk,3,SSC CHSL,2019
"2019 के नए केंरीय मंविमंडल में, सूक्ष्म, लघु और मध्यम ईद्यमों के पोटपफोवलयो को _____________ को अिंरटत 
दकया गया था।",नरेंर ससह तोमर,वनवतन जयराम गडकरी,रामविलास पासिान,सदानंद गौडा,current_affairs,2,SSC CHSL,2019
"रानी-की-िाि (रानी का थटेपिेल), जो दक यूनेथको की विश्व विरासत सूची में है, _________में वथथत है।",मध्य प्रदेश,गुजरात,ईत्तर प्रदेश,राजथथान,gk,2,SSC CHSL,2019
"रॉयल टाआटल एक्ट 1876 के पाररत होने के दौरान, विरटश प्रधान मंिी के __________ द्वारा कब्जा कर वलया गया था।",विवलयम आिटप ग्लैडथटोन,अथपर बालफोर,जॉन रसेल,बेंजावमन वडसरायली,history,4,SSC CHSL,2019
GST के संबंध में GSTIN का पूणप रूप क्या है?,Goods and Services Tax Identiﬁcation Note,Goods and Services Tax Identiﬁcation Number,Goods and Services Tax Information Number,Goods and Services Taxation Income Number,gk,2,SSC CHSL,2019
"पान ससह तोमर, जो सात बार राष्ट्रीय चैंवपयन थे, वनम्नवलवखत में से दकस खेल से सम्बवन्द्धत थे?",हॉकी,तैरना,शॉटपुट,थटीपलचेज,sports,4,SSC CHSL,2019
गूगल (Google) को दकस िर्प एक वनजी कंपनी के रूप में शावमल दकया गया था?,2000,2005,2002,1998,tech,4,SSC CHSL,2019
"मइ 2019 में, भारत सरकार ने एक नइ योजना को मंजूरी दी जो 60 िर्प की 
अयु होने के बाद सभी दुकानदारों, खुदरा व्यापाररयों और थिरोजगार करने िाले 
व्यवक्तयों को न्द्यूनतम मावसक पेंशन का अश्वासन देती है। पेंशन रावश दकतनी है?","5,000 रु.","10,000 रु.","3,000 रु.","7,000 रु.",current_affairs,3,SSC CHSL,2019
वनम्नवलवखत में से कौन सा शब्द दकथतों में ऊण के भुगतान में कमी या भुगतान को संदर्भभत करता है?,ररयायती नकदी प्रिाह,साख मुरा का वनमापण,मंदी-बदला,ऊण-मुवक्त,gk,4,SSC CHSL,2019
वनम्नवलवखत में से कौन सी ईच्चतम-अिृवत्त विद्युत चुम्बकीय तरंगें हैं?,गामा दकरणें,रेवडयो तरंगें,पराबैंगनी दकरणें,माआक्रोिेि,science,1,SSC CHSL,2019
वनम्नवलवखत में से कौन सा राज्य नेपाल को भूटान से ऄलग करता है?,वबहार,वसदिम,ओवडशा,ऄसम,gk,2,SSC CHSL,2019
"कंप्यूटर मेमोरी का एक क्षेि जहां लगातार एक्सेस दकए गए डेटा को तेजी से एक्सेस करने के वलए थटोर दकया जा सकता 
है:",कुकी,प्लग-आन,टोकन,कैश,tech,4,SSC CHSL,2019
"वनम्नवलवखत में से कौन 'कामायनी' का लेखक है, वजसे सहदी में सबसे बडी सावहवत्यक कृवतयों में से एक माना जाता है?",मोहन राकेश,जयशंकर प्रसाद,प्रेमचंद,रामधारी ससह ददनकर,entertainment,2,SSC CHSL,2019
Select the most appropriate option for blank No. 1,undermining,understanding,undergoing,undertaking,gk,3,SSC CHSL,2019
Select the most appropriate option for blank No. 2,need,was needing,needed,needs,gk,4,SSC CHSL,2019
Select the most appropriate option for blank No. 3.,About,For,Before,In,gk,2,SSC CHSL,2019
Select the most appropriate option for blank No. 4,to,of,at,for,gk,1,SSC CHSL,2019
Select the most appropriate option for blank No. 5,imparted,invented,discovered,concealed,gk,3,SSC CHSL,2019
"Select the most appropriate option to substitute the underlined segment in the given 
sentence. If there is no need to substitute it, select No improvement.
Oh, what a lovely necklace! You need no buy such an expensive gift.",hadn’t needed to buy,needn’t have bought,No improvement,didn’t need to buying,gk,2,SSC CHSL,2019
"Select the most appropriate antonym of the given word.
EXOTIC",alien,ordinary,colorful,curious,gk,2,SSC CHSL,2019
"In the sentence identify the segment which contains the grammatical error.
I visited my friend to whom I had made an appointment.",I visited my friend,I had made,to whom,an appointment,gk,0,SSC CHSL,2019
"Select the most appropriate option to substitute the underlined segment in the given 
sentence. If there is no need to substitute it, select No improvement.
I hope never to have another so experience as I had in Puri during Cyclone Fani.",No improvement,such experience as,as experience as,same experience as,gk,2,SSC CHSL,2019
"Select the most appropriate word to ﬁll in the blank.
People’s will and determination can help them ________ most of the 
challenges of life.",overvalue,overdo,overview,overcome,gk,4,SSC CHSL,2019
"Select the word which means the same as the group of words given.
One who does not tire easily",infallible,indefatigable,inevitable,indelible,gk,2,SSC CHSL,2019
"In the sentence identify the segment which contains the grammatical error.
The Public Works Department has propose to construct an elevated corridor which will run parallel to 
the National highway.",to the National highway,The Public Works Department has propose,which will run parallel,to construct an elevated corridor,gk,2,SSC CHSL,2019
"Select the word which means the same as the group of words given.
A group of singers in a church",choir,band,host,troop,gk,1,SSC CHSL,2019
Select the wrongly spelt word.,berry,barren,berrel,barrier,gk,3,SSC CHSL,2019
"Given below are four jumbled sentences. Out of the given options pick the one that gives 
their correct order.
A. Most of them are in jail because of their circumstances.
B. Not all prisoners are hardcore criminals.
C. So, they deserve a chance to rehabilitate themselves.
D. Therefore, learning a trade would help them reintegrate with society.",BDCA,ABCD,DCBA,BACD,gk,1,SSC CHSL,2019
"Select the most appropriate meaning of the given idiom.
To air dirty linen in public",to discuss private affairs in public,to hang out clothes in the open,to continue to complain,to stand up and ﬁght,gk,1,SSC CHSL,2019
"Select the most appropriate meaning of the given idiom.
Throw in the towel",face the situation,think of a solution,admit defeat,drop something,gk,3,SSC CHSL,2019
"Given below are four jumbled sentences. Out of the given options pick the one that gives 
their correct order.
A. He often asked questions which were strange and witty.
B. Emperor Akbar was in the habit of putting riddles and puzzles to his courtiers.
C. Once he asked a strange question that confused everyone.
D. It took much wisdom to answer these questions.",BADC,CABD,ABCD,BACD,gk,1,SSC CHSL,2019
"Select the most appropriate word to ﬁll in the blank.
In spite of being born in an __________ family, he chose to ﬁght all odds and emerged as a notable 
statesman.",impeccable,immaculate,intelligent,impoverished,gk,4,SSC CHSL,2019
"Select the most appropriate synonym of the given word.
HIND",near,rear,ﬁrst,front,gk,2,SSC CHSL,2019
"Select the most appropriate synonym of the given word.
INNUENDO",implication,evidence,veriﬁcation,proof,gk,1,SSC CHSL,2019
"Select the correct indirect form of the given sentence.
Mrs. Gupta said to me, ""Why are these boys standing in the sun?""",Mrs. Gupta told me why those boys are standing in the sun.,Mrs. Gupta asked me why those boys were standing in the sun.,Mrs. Gupta said to me that why are these boys standing in the sun.,Mrs. Gupta asked me why were these boys standing in the sun.,gk,2,SSC CHSL,2019
"Select the most appropriate antonym of the given word.
SUCCINCT",pithy,terse,lengthy,curt,gk,3,SSC CHSL,2019
"Select the correct passive form of the given sentence.
The gardener has mowed the lawn.",The lawn was mowed by the gardener.,The lawn has been mowed by the gardener.,The lawn is mowed by the gardener.,The gardener has been mowed by the lawn.,gk,2,SSC CHSL,2019
Who among the following was the first Sayyid ruler of Delhi?,Mubarak Shah,Alam Shah,Muḥammad Shah,Khizr Khan,history,4,SSC CHSL,2019
"Who was the captain of the Indian women's Kabaddi team that 
won silver at the 2018 Asian Games?",Manpreet Kaur,Ritu Negi,Shalini Pathak,Payel Chowdhury,sports,2,SSC CHSL,2019
Which of the following states shares the longest boundary with China?,Sikkim,Arunachal Pradesh,Himachal Pradesh,Uttarakhand,gk,2,SSC CHSL,2019
"Which of the following political parties was NOT an ally of the BJP-led NDA in 2019 Lok Sabha 
elections?",Shiromani Akali Dal,Asom Gana Parishad,AIADMK,DMK,politics,4,SSC CHSL,2019
"Who among the following is the 2019 winner of the $100,000 Nine Dots Prize?",Annie Zaidi,Chetan Bhagat,Shashi Tharoor,Arundhati Roy,current_affairs,1,SSC CHSL,2019
"In June 2019, PepsiCo India proposed to invest $70 million to build a food manufacturing plant in",Maharashtra,Gujarat,Uttar Pradesh,Madhya Pradesh,current_affairs,3,SSC CHSL,2019
Who among the following won a silver medal in the equestrian event at the 2018 Asian Games?,Ashish Malik,fouaad Mirza,Rakesh Kumar,Jitender Singh,sports,2,SSC CHSL,2019
Who is the director of the ﬁlm 'PM Narendra Modi'?,Tigmanshu Dhulia,Omung Kumar,Rakeysh Omprakash Mehra,Hansal Mehta,entertainment,2,SSC CHSL,2019
"On the occasion of 'World No Tobacco Day' on 31 May, which state banned e-cigarettes?",Assam,Uttar Pradesh,Rajasthan,Gujarat,health,3,SSC CHSL,2019
The joint process of vapourisation and condensation is called:,Sublimation,Chromatography,Distillation,Crystallisation,science,3,SSC CHSL,2019
Which of the following metals has an ore named Galena?,Nickel,Copper,Iron,Lead,science,4,SSC CHSL,2019
"The Bhupen Hazarika Setu, also called Dhola–Sadiya Bridge which connects Assam and",Sikkim,Meghalaya,West Bengal,Arunachal Pradesh,gk,4,SSC CHSL,2019
"Panchavati, a key part of the Valmiki Ramayana is located in which state of India?",Tamil Nadu,Uttar Pradesh,Maharashtra,Uttarakhand,gk,3,SSC CHSL,2019
"In the new Union cabinet of 2019, the portfolio of Micro, Small and Medium Enterprises was allocated 
to:",Narendra Singh Tomar,Nitin Jairam Gadkari,Ramvilas Paswan,Sadananda Gowda,politics,2,SSC CHSL,2019
"Rani-ki-Vav (the Queen’s Stepwell) , which is in the UNESCO World Heritage List, is located in:",Madhya Pradesh,Gujarat,Uttar Pradesh,Rajasthan,gk,2,SSC CHSL,2019
"During the passage of the Royal Titles Act 1876, the ofﬁce of the British Prime Minister was occupied 
by:",William Ewart Gladstone,Arthur Balfour,John Russell,Benjamin Disraeli,history,4,SSC CHSL,2019
What is the full form of GSTIN in relation to GST?,Goods and Services Tax Identiﬁcation Note,Goods and Services Tax Identiﬁcation Number,Goods and Services Tax Information Number,Goods and Services Taxation Income Number,gk,2,SSC CHSL,2019
"Paan Singh Tomar, who was a seven-time national champion, was associated with which of the 
following sports?",Hockey,Swimming,Shotput,Steeplechase,sports,4,SSC CHSL,2019
In which year was Google incorporated as a private company?,2000,2005,2002,1998,tech,4,SSC CHSL,2019
"In May 2019, the Government of India approved a new scheme which assures minimum monthly 
pension to all shopkeepers, retail traders and self-employed persons after attaining the age of 60 years. 
How much is the pension amount?","Rs 5,000","Rs 10,000","Rs 3,000","Rs 7,000",current_affairs,3,SSC CHSL,2019
Which of the following terms refers to the running down or payment of a loan in installments?,Discounted cash flow,Credit creation,Backwardation,Amortisation,gk,4,SSC CHSL,2019
Which of the following are the highest-frequency electromagnetic waves?,Gamma Rays,Radio Waves,Ultraviolet Rays,Microwaves,science,1,SSC CHSL,2019
Which of the following states separates Nepal from Bhutan?,Bihar,Sikkim,Odisha,Assam,gk,2,SSC CHSL,2019
A region of computer memory where frequently accessed data can be stored for rapid access is called:,Cookie,Plug-in,Token,Cache,tech,4,SSC CHSL,2019
"Who among the following is the author of 'Kamayani', the epic poem that is considered as one of the 
greatest literary works in Hindi?",Mohan Rakesh,Jaishankar Prasad,Premchand,Ramdhari Singh Dinkar,entertainment,2,SSC CHSL,2019
Where is the Save button in Microsoft Word?,Top left corner of a Word window,Bottom right corner of a Word window,Bottom left corner of a Word window,Top right corner of a Word window,tech,1,Combined Higher Secondary Level Examination Tier I,2024
In which year was the Konkan Railway constructed?,2008,1988,1998,1978,gk,3,Combined Higher Secondary Level Examination Tier I,2024
"According to the International Football Association Board (IFAB), which colour must the football goal post be?",Black,White,Red,Blue,sports,2,Combined Higher Secondary Level Examination Tier I,2024
Where is the ITC Sangeet Research Academy located?,Indore,Kolkata,Delhi,Bengaluru,entertainment,2,Combined Higher Secondary Level Examination Tier I,2024
"The Office of the Registrar General and Census Commissioner, India comes under the:",Ministry of Finance,Ministry of Home Affairs,Ministry of Corporate Affairs,Ministry of Rural Development,politics,2,Combined Higher Secondary Level Examination Tier I,2024
"What is the name of the scheme aimed at conservation of wetlands, which was announced in the Union Budget 2023-24?",Amrit Dharohar,Dharohar,Paryavaran Prahari,Paryavaran Suraksha,current_affairs,1,Combined Higher Secondary Level Examination Tier I,2024
"In February 2023, Shiv Pratap Shukla was appointed governor of which state?",Haryana,Himachal Pradesh,Tamil Nadu,Bihar,current_affairs,2,Combined Higher Secondary Level Examination Tier I,2024
Which is the natural habitat of the Asiatic Lion in India?,Kaziranga National Park,Sundarbans,Gir Forest,Dudhwa National Park,gk,3,Combined Higher Secondary Level Examination Tier I,2024
Which of the following contains small droplets of liquid or particles of solid dispersed in a gas?,Gel,Vapour,Aerosol,Foam,science,3,Combined Higher Secondary Level Examination Tier I,2024
"Ajit Kumar Mohanty took over the charge of Chairman, _____, in May 2023.",Bhabha Atomic Research Centre,National Human Rights Commission of India,National Commission for Backward Classes,Atomic Energy Commission,current_affairs,1,Combined Higher Secondary Level Examination Tier I,2024
"Bharat Muni, in his Natya Shastra, categorises musical instruments into four different parts. What is the categorisation of musical instruments by Bharat Muni based on?",Different sounds of the musical instruments,"The uses of the musical instruments in different occasions, such as wedding, festivals and public gathering",Different materials used in the musical instruments,The shape of the musical instruments,entertainment,4,Combined Higher Secondary Level Examination Tier I,2024
"Secularism is a feature of the Indian Constitution, which means:",The State can promote any religion.,The State does not promote any religion.,The State promotes the religion of the minority community.,The State promotes the religion of the majority community.,politics,2,Combined Higher Secondary Level Examination Tier I,2024
"Which Governor General of India issued the famous Regulation XVII in 1829, which declared the practice of Sati illegal and punishable by the courts?",Lord Ellenborough,Lord William Bentinck,Lord Minto,Lord Napier,history,2,Combined Higher Secondary Level Examination Tier I,2024
Who is the Indian batsman after whom the Ranji Trophy is named?,Ranjit Patel,Ranjit Singh Bedi,Ranjit Wadekar,Ranjit Sinhji,sports,4,Combined Higher Secondary Level Examination Tier I,2024
Which of the following is the official language of Tripura?,Khasi,Garo,Kokborak,Mizo,gk,3,Combined Higher Secondary Level Examination Tier I,2024
Which of the following currency note was discarded by the Government of India in November 2016?,₹100,₹200,₹500,"₹2,000",current_affairs,3,Combined Higher Secondary Level Examination Tier I,2024
Giddha dance is a folk dance of which of the following states?,Manipur,Nagaland,Punjab,Odisha,entertainment,3,Combined Higher Secondary Level Examination Tier I,2024
Which of the following is a famous fossil site in India where a full-ﬂedged skeleton of adinosaur was found?,"Hathnora, Madhya Pradesh","Waddham, Maharashtra","Manendragarh, Chhattisgarh","Zanskar Valley, Kashmir",gk,1,Combined Higher Secondary Level Examination,2019
Which of the following is an example of the most explosive type of volcano?,Shield volcanoes,Flood basalt volcanoes,Calderas volcanoes,Cinder cones volcanoes,gk,3,Combined Higher Secondary Level Examination,2019
How many parathyroid glands are present on the back side of the thyroid gland in humans?,Six,Five,Three,Four,science,4,Combined Higher Secondary Level Examination,2019
"In 1930, which scientist was awarded the Nobel Prize for describing the human ABO bloodgroup system?",Karl Landsteiner,Albert Claude,George Wald,Roger Guillemin,science,1,Combined Higher Secondary Level Examination,2019
How many elements of India were listed in the UNESCO Representative List of theIntangible Cultural Heritage of Humanity as of March 2018?,18,14,13,15,gk,3,Combined Higher Secondary Level Examination,2019
Who has the power to regulate the right of citizenship in India?,Supreme Court,President,Governor,Parliament,politics,4,Combined Higher Secondary Level Examination,2024
In which year has India hosted the Asian Games for the first time?,1948,1951,1950,1949,sports,2,Combined Higher Secondary Level Examination,2024
Who among the following was the author of ‘Brihat Katha Kosh’?,Dandin,Harisena,Kshemendra,Bhavabhuti,history,3,Combined Higher Secondary Level Examination,2024
Langvir Nritya is a folk dance from the state of _____.,Haryana,Gujarat,Uttar Pradesh,Uttarakhand,entertainment,1,Combined Higher Secondary Level Examination,2024
Geoid is the ________ of earth.,shape,axis,colour,orbit,gk,1,Combined Higher Secondary Level Examination,2024
"In the context of DNA, which of the following principles governs the process of transcription?",The transforming principle,The principle of complementarity,Semiconservative nature of DNA,The principle of inheritance,science,2,Combined Higher Secondary Level Examination,2024
"With which of the following states is the Bhatiali folk music, which is mostly sung by the fishermen, associated?",West Bengal,Odisha,Andhra Pradesh,Kerala,entertainment,1,Combined Higher Secondary Level Examination,2024
Who was the founder of Arya Samaj?,Rabindranath Tagore,Dayanand Saraswati,Keshub Chandra Sen,Swami Vivekananda,history,2,Combined Higher Secondary Level Examination,2024
Daler Mehndi is primarily a famous singer of pop songs in which Indian language?,English,Punjabi,Hindi,Bengali,entertainment,2,Combined Higher Secondary Level Examination,2024
Which of the following states/UTs has the first 100% fully digital literate Panchayat in India?,Delhi,Puducherry,Maharashtra,Kerala,gk,4,Combined Higher Secondary Level Examination,2024
Former minister of the state and former president of BJP alliance partner IPFT _____________ received the Padma Shri award (posthumously) in 2023.,Prabhat Choudhury,Narendra Chandra Debbarma,Rebati Mohan Das,Pinaki Das Chowdhury,current_affairs,2,Combined Higher Secondary Level Examination,2024
Sakewa is a religious festival celebrated by the Kirat Khambu Rai community of ________. ,Arunachal Pradesh,Sikkim,Himachal Pradesh,Goa,entertainment,2,Combined Higher Secondary Level Examination,2024
"As of March 2024, who among the following is the Chairperson of the National Green Tribunal?",Lokeshwar Singh Panta,Prakash Shrivastava,Ajay Narayan Jha,Swatanter Kumar,current_affairs,2,Combined Higher Secondary Level Examination,2024
"According to the Census of India 2011, most people had out-migrated from _____ to other states in India.`",Uttar Pradesh and Bihar,Rajasthan and Gujarat,Uttar Pradesh and Madhya Pradesh,Maharashtra and Gujarat,gk,1,Combined Higher Secondary Level Examination,2024
National Institute of Mountaineering and Adventure Sports (NIMAS) is located at ______.,Mizoram,Nagaland,Himachal Pradesh,Arunachal Pradesh,sports,4,Combined Higher Secondary Level Examination,2024
In which part of the Constitution will you find the six broad categories of Fundamental Rights?,Part II,Part III,Part IV,Part I,politics,2,Combined Higher Secondary Level Examination,2024
The financial year in India starts from 1st April and ends on ________.,30th June,31st March,31st July,31st May,gk,2,Combined Higher Secondary Level Examination,2024
What is the balance of trade of a country?,Ratio of international trade,Number of exports,Difference between imports and exports,Number of imports,gk,3,Combined Higher Secondary Level Examination,2024
The peninsular plateau of India was a part of which continent earlier?,South America,Europe,Africa,North America,history,3,Combined Higher Secondary Level Examination,2024
In which year did Johannes Nicolaus Bronsted and Thomas Martin Lowry propose the fundamental concept of acids and bases?,1928,1921,1925,1923,science,4,Combined Higher Secondary Level Examination,2024
National Sports Day is celebrated on the birthday of _______.,Roop Singh,Kapil Dev,MS Dhoni,Major Dhyan Chand,sports,4,Combined Higher Secondary Level Examination,2024
What is the duration of International hockey match?,50 min,55 min,70 min,60 min,sports,4,Combined Higher Secondary Level Examination,2024
In which year was the National Human Rights Commission established in India?,2005,1993	,1995	,2003,history,2,Combined Higher Secondary Level Examination,2024
"In 1812, who described the hypothesis that equal volumes of different gases contain an equal number of molecules?",Amedeo Avogadro,James Watt,John Dalton,Albert Einstein,science,1,Combined Higher Secondary Level Examination,2024
In which year did the Bhopal gas tragedy occur?,1988,1982,1985,1984,history,4,Combined Higher Secondary Level Examination,2024
Which of the following Fundamental Rights is available for Indians as well as foreigners?,Right of minorities to establish and administer educational institutions,Equality of opportunity in matters of public employment,"Right to protection of language, script and culture of minorities",Right to elementary education,politics,4,Combined Higher Secondary Level Examination,2024
"In addition to using the arrow keys and mouse clicks, what other method can be used to move around a table in Microsoft Word?",Right-clicking on the cell and selecting ‘Move to Next Cell’,Pressing the ‘Enter’ key or using the scroll wheel,Using the Tab key or double-clicking on the cell,Pressing the ‘Ctrl’ key and clicking on the cell,tech,3,Combined Higher Secondary Level Examination,2024
Which of the following persons was appointed Chairman of the Second National Judicial Pay Commission?,Justice JS Verma,Justice AS Anand,Justice PV Reddi,Justice R Basant,politics,3,Combined Higher Secondary Level Examination,2024
Identify a carbohydrate but does not fit into the definition.,Maltose,Sucrose,Fructose,Rhamnose,science,4,Combined Higher Secondary Level Examination,2024
A constellation of the northern sky easily recognised by a group of five bright stars forming a slightly irregular ‘W’ is called:,Cygnus	,Cassiopeia	,Ursa Major	,Orion	,science,2,Combined Higher Secondary Level Examination,2024
Which revolutionary organisation was established at Feroz Shah Kotla in New Delhi in 1928?,Indian Home Rule Society,Bharat Naujawan Sabha,Hindustan Socialist Republican Association,Swadesh Bandhab Samiti,history,3,Combined Higher Secondary Level Examination,2024
Which of the following is NOT a characteristics of the National Investment and Manufacturing Zones (NIMZs) of India?,"The state government will provide power connectivity, water and other infrastructural facilities.",A special purpose vehicle will be constituted to take care of the functioning of NIMZs.,It prescribes a minimum area of 10000 hectares for establishing NIMZs.,At least 30% of the total land area proposed for the NIMZ is to be utilized for manufacturing units.,gk,3,Combined Higher Secondary Level Examination,2024
"In MS Word, which icon from the icons below the Menu Bar is commonly used to save the current document?",The envelope icon,The floppy disk icon,The printer icon,The undo icon,tech,2,Combined Higher Secondary Level Examination,2024
Which of the following statements is INCORRECT about the Music of India?,Tala is a cyclic arrangement of time units.,The musical instrument Kamaicha is majorly used by the ‘Manganiar’ Community of Manipur as a popular accompaniment to their songs,A raga is believed to have started as a tribal or folk tune.,The sruti is a unit of measure or small difference between the various consecutive pitches within a grama or a scale.,entertainment,2,Combined Higher Secondary Level Examination,2024
Which of the following teams won the Indian Super League 2022-23?,AKT Mohun Bagan,Hyderabad FC,Bengaluru FC,Mumbai City FC,sports,1,Combined Higher Secondary Level Examination,2024
"Which of the following is/are an example of public goods?
a) Defense
b) House",Only b,Both a and b,Only a,Neither a nor b,gk,3,Combined Higher Secondary Level Examination,2024
In which of the following states is the Sanchi Stupa UNESCO world heritage site located?,Punjab	,Bihar	,Rajasthan	,Madhya Pradesh	,history,4,Combined Higher Secondary Level Examination,2024
The Himalayas' outermost range is called __________.,Kanchenjunga,Dhaula Dhar,Pir Panjal,Shiwaliks,gk,4,Combined Higher Secondary Level Examination,2024
"Which of the following statements about Akbar are true?
1 He introduced the Mansabdari system.
2 He defeated and merged the state of Bijapur in his empire.
3 He made Fatehpur Sikri his capital.",Only 1 and 2,"All 1, 2, 3",Only 2 and 3,Only 1 and 3,history,4,Combined Higher Secondary Level Examination,2024
Which of the following Amendment Acts led to the insertion of Article 21 A?,"Eighty-seventh Amendment Act, 2003	","Eighty-sixth Amendment Act, 2002	","Eighty-fourth Amendment Act, 2002	","Eighty-fifth Amendment Act, 2002",politics,2,Combined Higher Secondary Level Examination,2024
Where is the renowned Bhatkhande music institute located?,Lucknow 	,Chennai,Surat,Madurai,entertainment,1,Combined Higher Secondary Level Examination,2024
"________ was posthumously conferred the second-highest civilian award in India, the Padma Vibhushan in the field of public affairs in 2023.",GMC Balayogi,Dilip Mahalanabis,Mulayam Singh Yadav,Balkrishna Doshi,current_affairs,3,Combined Higher Secondary Level Examination,2024
A proton bonds to the oxygen atom of a solvent water to give a _______________________ hydronium ion.,square pyramid,trigonal pyramidal	,tetrahedral,square planar,science,3,Combined Higher Secondary Level Examination,2024
"In July 2021, which state government announced the creation of an independent department to protect and preserve the ‘faith, culture and traditions of tribes and indigenous communities’ of the state?",Uttar Pradesh,Bihar,Karnataka,Assam,gk,4,Combined Higher Secondary Level Examination,2024
Which does social networking service place the biggest emphasis on professional networking?,Facebook,Google+,LinkedIn,Twitter,tech,3,Combined Higher Secondary Level Examination,2024
‘Lai-Phi’ and ‘Chin-Phi’ are the cultural costumes of which state?,Nagaland	,Uttarakhand,Manipur,Sikkim	,gk,3,Combined Higher Secondary Level Examination,2024
"In MS Word, which option allows you to copy the selected text or object to the Clipboard while simultaneously removing it from its original location?",Drag-and-Drop,Paste,Copy,Cut,tech,4,Combined Higher Secondary Level Examination,2024
The headquarters of the Indian Institute of Tourism and Travel Management are located at:,Bhuvneshwar,New Delhi,Guwahati,Gwalior,gk,4,Combined Higher Secondary Level Examination,2024
"In April 2022, Chief Justice of India NV Ramana recommended the creation of an “independent umbrella institution”, so as to bring various agencies under one roof”. Which of the following agencies did he suggest be brought under this umbrella?","ED, CBI and SFIO",SFIO and CBI,ED and NIA,"CBI, SFIO and NIA",politics,1,Combined Higher Secondary Level Examination,2024
Gurpurab is celebrated to commemorate the birthday of Guru Nank dev ji. He was the _________ guru of Sikhs?,second,third,first,fourth,history,3,Combined Higher Secondary Level Examination,2024
In which direction is the general elevation of the peninsular plateau of India?,From North to South,From West to East,From South to North,From East to West,gk,2,Combined Higher Secondary Level Examination,2024
"All historical monuments have signages with instructions that public should not write on the walls.
To which fundamental duty does the given statement belong?",To develop the scientific temper,To defend the country and render national service,To promote harmony and spirit of common brotherhood,To safeguard public property and to abjure violence,history,4,Combined Higher Secondary Level Examination,2024
Where is the largest football stadium in India located?,Kolkata,Goa,Bengaluru,New Delhi,sports,1,Combined Higher Secondary Level Examination,2024
In which of the following years was the National Anthem adopted in its Hindi version by the Constituent Assembly?,1947,1950,1942,1954,history,2,Combined Higher Secondary Level Examination,2024
_________ oblong orbit overlaps the orbit of Neptune.,Mars’ 	,Pluto’s	,Jupiter’s,Venus’	,science,2,Combined Higher Secondary Level Examination,2024
Lakshmibai National College of Physical Education is located at ______.,"Shahdara, Delhi","Patiala, Punjab","Gwalior, Madhya Pradesh","Thiruvananthapuram, Kerala",gk,3,Combined Higher Secondary Level Examination,2024
What is the literacy rate of India as per the National Survey of India-2022?,78.3%,74.2%,72.1%,77.7%,gk,4,Combined Higher Secondary Level Examination,2024
Which of the following word sequences is correct as per the Preamble to the Constitution?,"Sovereign, socialist, secular, democratic, republic	","Socialist, secular, democratic, republic, sovereign		","Secular, democratic, secular, socialist, sovereign	","Sovereign, secular, socialist, democratic, republic	",politics,1,Combined Higher Secondary Level Examination,2024
Which non-essential amino acid is synthesised by the hydroxylation of phenylalanine in a reaction catalysed by phenylalanine hydroxylase?,Glutamine,Tyrosine,Cysteine,Glycine,science,2,Combined Higher Secondary Level Examination,2024
Who invaded India during the rule of Tughlaq Dynasty?,Timur,Mahmud of Ghazni,Chengiz Khan,Muhammad Ghori,history,1,Combined Higher Secondary Level Examination,2024
What is the impact of proportional taxes?,Increases the marginal propensity to consume,Reduces the autonomous expenditure multiplier,Increases the induced expenditure multiplier,Increases the autonomous expenditure multiplier,gk,2,Combined Higher Secondary Level Examination,2024
Annamacharya composed Sankirtans in praise of which God?,Lord Rama,Lord Krishna,Lord Venkateshwara,Lord Shiva,history,3,Combined Higher Secondary Level Examination,2024
Which important event that started in 1930 played a significant role in motivating and mobilizing Indians to join the non-violent movement for independence?,Swadeshi movement,Gadar Movement,Quit India Movement,Salt Satyagraha,history,4,Combined Higher Secondary Level Examination,2024
What are the standard measurements of a cricket pitch?,20 yards by 12 ft,22 yards by 12 ft,20 yards by 10 ft,22 yards by 10 ft,sports,4,Combined Higher Secondary Level Examination,2024
"In badminton, 0 points is called _________.",in,love,play,out,sports,2,Combined Higher Secondary Level Examination,2024
The Sun Temple at Konark was built under the rule of which dynasty?,Pallava Dynasty,Pandya Dynasty,Eastern Ganga Dynasty,Rashtrakuta Dynasty,history,3,Combined Higher Secondary Level Examination,2024
Which of the following planets does NOT have rings?,Uranus,Venus,Jupiter,Saturn,science,2,Combined Higher Secondary Level Examination,2024
The Lucknow Gharana which came into existence in the time of Wajid Ali Shah was developed by who among the following?,Ustad Bakhtawar Khan,Pandit Kalka Prasad,Pandit Thakur Prasad,Pandit Bindawar Prasad,history,2,Combined Higher Secondary Level Examination,2024
Which writ literally means 'what is your authority’?,Habeas Corpus,Mandamus,Quo-Warranto,Prohibition,politics,3,Combined Higher Secondary Level Examination,2024
"As of 2022, which is the tallest hydroelectric power plant in India?",Sardar Sarovar Hydropower Plant,Nathpa Jhakri Power plant,Koyna	Hydroelectric Power Plant,Tehri Hydroelectric Power Plant,gk,4,Combined Higher Secondary Level Examination,2024
Which of the following types is NOT an element of classical Carnatic music?,Kriti,Padam,Sthayi,Thumri,entertainment,4,Combined Higher Secondary Level Examination,2024
Who was the Indian Buddhist monk who is credited with the development of many ancient martial art forms in the 5th century?,Bodhidharma,Atisa,Bodhiruchi,Paramartha,history,1,Combined Higher Secondary Level Examination,2024
What is the keyboard shortcut for inserting a new slide into an MS-PowerPoint presentation?,Ctrl + S,Ctrl + X,Ctrl + M,Ctrl + N,tech,3,Combined Higher Secondary Level Examination,2024
"In Fencing, a defensive blade movement that blocks the opponent’s offensive action is called _____________.",parry,reprise,saber,redoublement,sports,1,Combined Higher Secondary Level Examination,2024
Which Article of the Constitution of India vests plenary powers in Parliament to legislate on the subject of citizenship?,Article 8,Article	5,Article	11,Article	6,politics,3,Combined Higher Secondary Level Examination,2024
Select the INCORRECT pair of the location of the refinery and its state from the following,Tatipaka Refinery – Telangana,Bina Refinery – Madhya Pradesh,Koyali Refinery – Gujarat,Numaligarh Refinery – Assam,gk,1,Combined Higher Secondary Level Examination,2024
Which folk music does NOT belong to Tamil Nadu?,Ammanaivari,Villu Pattu,Khubakeshei,Nattupura,entertainment,3,Combined Higher Secondary Level Examination,2024
What is the name of the famous British social reformer known for founding the Indian Home Rule League in 1916?,Maria Rye,Annie Besant,Catherine Osler,Anne Knight,history,2,Combined Higher Secondary Level Examination,2024
Match India’s neighbouring countries in column A with their official languages in column B.,"1-d, 2-a, 3-b, 4-c","1-c, 2-a, 3-b, 4-d","1-a, 2-b, 3-c, 4-d","1-b, 2-a, 3-c, 4-d",gk,4,Combined Higher Secondary Level Examination,2024
"Which of the following is a rare group of genetic disorders caused by mutations of certain genes affecting the colour (pigmentation) of the skin, hair and eyes?",Alkaptonuria,Alagille syndrome,Albinism,Angelman syndrome,health,3,Combined Higher Secondary Level Examination,2024
"In Microsoft Word, the Mail Merge Wizard is located under the _________ tab.",Review,Home,Insert,Mailings,tech,4,Combined Higher Secondary Level Examination,2024
"In which of the following years was the Juvenile Justice (Care and Protection of Children) Act, 2015 amended?",2015,2021,2019,2013,current_affairs,2,Combined Higher Secondary Level Examination,2024
What is a revenue deficit in the government budget?,"The excess of expenditure over revenue, excluding interest payments on debt","The excess of revenue over expenditure, including interest payments on debt","The excess of revenue over expenditure, excluding interest payments on debt","The excess of expenditure over revenue, including interest payments on debt",politics,4,Combined Higher Secondary Level Examination,2024
The __________ results from an increase in the proportion of workers relative to non-workers in the population.,age structure of population,demographic dividend,population momentum,old-age dependency ratio,gk,2,Combined Higher Secondary Level Examination,2024
"For which of the following discoveries in 1827 was the German physicist, Georg Simon Ohm best known?","For clarifying the mathematical relationship between electrical current, resistance and voltage",For measuring the magnetic properties of nuclear particles,"For invention of the magnetometer, which is a device capable of measuring the direction and strength of a magnetic field",For developing a device capable of amplifying and modulating electromagnetic signals that could also function as an oscillator,science,1,Combined Higher Secondary Level Examination,2024
Which of the following Sections of the Indian Penal Code deals with 'rape'?,Section 370,Section 380,Section 375,Section 385,politics,3,Combined Higher Secondary Level Examination,2024
We can add a table in an MS Word document from which of the following tabs?,View Tab,Home Tab,Design Tab,Insert Tab,tech,4,Combined Higher Secondary Level Examination,2024
"In which year was the first underground section (Vishwavidyalaya- Kashmere Gate) of the Golden Route opened in New
Delhi?",2004,2000,1997,1998,gk,1,Combined Higher Secondary Level Examination,2024
"Name the digital payment platform launched in 2021 by the National Payments Corporation of India (NPCI) in association
with Department of Financial Services (DFS), National Health Authority (NHA) and Ministry of Health and Family Welfare
(MoHFW).",MobiKwik,e-RUPI,Dhani,YONO,current_affairs,2,Combined Higher Secondary Level Examination,2024
"Which Article of the Constitution mentions that “the Parliament consists of the President and two Houses known as the
Council of States (Rajya Sabha) and the House of the People (Lok Sabha)”?",82,79,70,73,politics,2,Combined Higher Secondary Level Examination,2024
Which of the following statements best describes the Hardy Schulze rule?,"The ions are removed from the solution by the phenomenon of diffusion through a permeable membrane.
",The partial pressure of a component in a liquid mixture is proportional to its mole fraction in that mixture.,"This is applied to obtain a colloidal solution of metals such as gold, silver or platinum.","The amount of electrolyte required for the coagulation of a definite amount of a colloidal solution is dependent on the valency
of the coagulating ion.",science,4,Combined Higher Secondary Level Examination,2024
What was the name of Swami Vivekanand’s guru?,Swami Ram Singh,Swami Dayanand,Aadi Shankaracharya,Ramakrishna Paramhansa,history,4,Combined Higher Secondary Level Examination,2024
The Green Revolution was due to the introduction of:,irrigation,fertilisers,high yielding varieties of seeds,fisheries,gk,3,Combined Higher Secondary Level Examination,2024
Guru Vempati Chinna Satyam is a famous dancer of _______ dance form of India.,Bharatanatyam,Manipuri,Odissi,Kuchipudi,entertainment,4,Combined Higher Secondary Level Examination,2024
"The famous book ‘Sangraha Choodamani’, which deals with the current system of Carnatic music was written by:",Damodara Misra,Matanga,Haripala,Govindacharya,entertainment,4,Combined Higher Secondary Level Examination,2024
Kiran Nadar was conferred with the highest civilian award of which country in April 2023?,France,Poland,Egypt,Germany,current_affairs,1,Combined Higher Secondary Level Examination,2024
What do you mean by semiconservative DNA replication?,"After the completion of replication, each DNA molecule would have two parental and two newly synthesised strand.
","RNA is dependent on DNA for the synthesis of proteins
",DNA is dependent on RNA for the synthesis of proteins,"After the completion of replication, each DNA molecule would have one parental and one newly synthesised strand.
",science,4,Combined Higher Secondary Level Examination,2024
"The colour of the surface of Mars is red because of the presence of large amounts of chemical compounds in it. What is the
name of that compound?",Tin oxide,Iron oxide,Magnesium oxide,Nitrogen oxide,science,2,Combined Higher Secondary Level Examination,2024
"In MS-Word, a number printed above the base line is called __________.",superscript,strikethrough,above BL,subscript,tech,1,Combined Higher Secondary Level Examination,2024
How many censuses had been completed in India as of year 2011?,12,7,15,16,gk,3,Combined Higher Secondary Level Examination,2024
"Which of the following statement(s) is/are INCORRECT vis-à-vis features of the Indian Constitution?
1) Though India has a federal system, the Constitution does not mention the word ‘federation’.
2)Article 5 of the Constitution says that the Parliament by law can create a new state.
3) On the subjects in the Union list, each State Legislature can enact laws for the State.
4)Both the Parliament and State Legislature can pass laws on subjects in concurrent list.",1 and 4,1 and 3,Only 1,2 and 3,politics,4,Combined Higher Secondary Level Examination,2024
Under which Gharana do the composition of blend of Khayal and Dhrupad-Dhamar styles come?,Indore Gharana,Agra Gharana,Gwalior Gharana,Patiala Gharana,entertainment,3,Combined Higher Secondary Level Examination,2024
Which Pala ruler temporarily occupied Kanauj?,Gopala,Dharmapala,Devapala,Harapala,history,2,Combined Higher Secondary Level Examination,2024
"According to Census of India 2011, what was the sex ratio recorded in the Union Territory of Puducherry?",980 females/1000 males,1095 females/1000 males,1037 females/1000 males,890 females/1000 males,gk,3,Combined Higher Secondary Level Examination,2024
The Ultimate Kho-Kho League was started in which year?,2020,2021,2022,2023,sports,3,Combined Higher Secondary Level Examination,2024
Indian Constitution came into force on __________ and is celebrated as Republic Day.,26 Jan 1951,26 Jan 1950,26 Jan 1948,26 Feb 1950,history,2,Combined Higher Secondary Level Examination,2024
Who among the following launched the digital platform ‘FASTER’?,Chief Justice of India,Prime Minister,Finance Minister,President,current_affairs,1,Combined Higher Secondary Level Examination,2024
"In field hockey, in a penalty stroke, an attacker shoots at goal from _____ yards away in a one-on-one confrontation with the
goalkeeper.",10,8,7,9,sports,2,Combined Higher Secondary Level Examination,2024
Who was appointed as the Chief Economic Advisor to the Government of India in the year 2022?,S Somanath,Krishnamurthy Subramanian,V Anantha Nageswaran,R Rangarajan,current_affairs,3,Combined Higher Secondary Level Examination,2024
Which river is known as the sorrow of Bihar?, Mahi,Betwa ,Son ,Kosi ,gk,4,Combined Higher Secondary Level Examination,2024
Where is the Narora Nuclear Power plant located?,Uttar Pradesh,Tamil Nadu,Maharashtra,Karnataka,gk,1,Combined Higher Secondary Level Examination,2024
"Sardar Vallabhbhai Patel, who was the first Home Minister of India, is known by which sobriquet?",Grand old man of India,Iron man of India,Morning star of Indian Renaissance,Father of Indian Unrest,history,2,Combined Higher Secondary Level Examination,2024
What is the wavelength range of visible light?,0.2 to 0.3 µm,0.7 to 0.9 µm,0.4 to 0.7 µm,1 to 2 µm,science,3,Combined Higher Secondary Level Examination,2024
Terah taali dance belongs to which of the following states?,Kerala,Rajasthan,Uttaranchal,Uttar Pradesh,entertainment,2,Combined Higher Secondary Level Examination,2024
What enables IoT devices to gather data and exchange it over the network?,Actuators and sensors,Data encryption techniques,Biochip transponders,Human interaction,tech,1,Combined Higher Secondary Level Examination,2024
"As of January 2023, who among the following is the chief minister of Puducherry?",Shri V Narayanasamy,Shri N Rangaswamy,Shri V Vaithilingam,Shri P Shanmugam,politics,2,Combined Higher Secondary Level Examination,2024
In which year did the Indian Constitution declare Hindi in Devanagari script to be the official language of the Union?,1951,1952,1949,1955,history,3,Combined Higher Secondary Level Examination,2024
"As per the Economic Survey of India 2022-23, unemployment rates fell from 5.8% in 2018-19 to ________ in 2020-21.",3.8%,4.7%,4.2%,3.4%,gk,3,Combined Higher Secondary Level Examination,2024
Who has written the patriotic song ‘Sandese Aate Hai’?,Irshad Kamil,Samir Anjan,Javed Akhtar,Gulzar,entertainment,4,Combined Higher Secondary Level Examination,2024
The ‘Western disturbances’ originates from the ____.,East China Sea,Mediterranean Sea,Arabian Sea,Red Sea,gk,2,Combined Higher Secondary Level Examination,2024
The reaction of an acid and a metal gives:,hydrogen gas and salt,"carbon dioxide, salt and water",salt and water,"carbon dioxide, salt and hydrogen gas",science,1,Combined Higher Secondary Level Examination,2024
The length of a day on _______________ is approximately 16 hours.,Mercury,Mars,Venus,Neptune,science,4,Combined Higher Secondary Level Examination,2024
"After being passed by both the Lok Sabha and Rajya Sabha, the Competition (Amendment) Bill, 2023 received the President’s assent on __________ to become the Competition (Amendment) Act, 2023.",21 April 2023,11 April 2023,1 April 2023,14 April 2023,current_affairs,2,Combined Higher Secondary Level Examination,2024
Which among the following Chola emperors defeated the Pandya king Maravarman Rajsimha II in the battle of Vellore?,Rajendra I,Vijayalaya,Parantaka I,Rajaraja I,history,3,Combined Higher Secondary Level Examination,2024
What is the standard size of basketball for men?,06,07,08,05,sports,2,Combined Higher Secondary Level Examination,2024
"As of 01 January 2023, who is the chairman of UPSC?",Dr. Manoj Soni,Shri Rajeev Nayan Choubey,Dr. TCA Anant,Mrs. Preeti Sudan,current_affairs,1,Combined Higher Secondary Level Examination,2024
Which of the following extensions is used to save MS-PowerPoint applications?,.docx,.txt,.doc,.ppt,tech,4,Combined Higher Secondary Level Examination,2024
"In India, statutory liquidity ratio is fixed by _____.",India Brand Equity Foundation,State government,Commercial banks,Reserve Bank of India,gk,4,Combined Higher Secondary Level Examination,2024
Which folk music is a mix of Indian and western music and is popular in Goa?,Mando,Maand,Pai songs,Pawada,entertainment,1,Combined Higher Secondary Level Examination,2024
Pusarla Venkata Sindhu won silver medal in badminton in which Olympics Games?,London 2012,Beijing 2008,Tokyo 2020,Rio 2016,sports,4,Combined Higher Secondary Level Examination,2024
Which committee is related to fundamental duties?,Verma Committee,LM Singhvi Committee,Vasantrao Naik Committee,Rajmannar Committee,politics,1,Combined Higher Secondary Level Examination,2024
"A ________ is issued to prevent an inferior court or tribunal from exceeding its jurisdiction, which is not legally vested, or acting without jurisdiction or acting against the principles of natural justice.",writ of mandamus,writ of habeas corpus,writ of prohibition,writ of quo-warranto,politics,3,Combined Higher Secondary Level Examination,2024
"केंद्रीय सतर्कता आयोग ने निम्नलिखित में से किस विषय (theme) के साथ सतर्कता जागरूकता सप्ताह
2022 मनाया?",स्वतंत्र भारत @75: सत्यनिष्ठा से आत्मनिर्भरता,"सतर्क भारत, समृद्ध भारत","सत्यनिष्ठा, जीवन जीने का एक तरीका",विकसित राष्ट्र के लिए भ्रष्टाचार मुक्त भारत,current_affairs,2,Combined Higher Secondary Level Examination,2024
"निम्नलिखित में से किसने 1893 में शिकागो में आयोजित अखिल विश्व धार्मिक सम्मेलन (धर्म संसद) में भाग
लिया था?",स्वामी विवेकानंद,राजा राम मोहन राय,स्वामी दयानंद,स्वामी सहजानंद,history,1,Combined Higher Secondary Level Examination,2024
निम्नलिखित में से कौन-सी भारत के संविधान के तहत प्रदान किए गए मौलिक कर्तव्यों की विशेषता नहीं है?,कर्तव्यों का उद्देश्य देश को सुरक्षित रखना है,कर्तव्य तत्कालीन यूएसएसआर (USSR) से प्रेरित हैं,कर्तव्य प्रकृति में गैर-न्यायसंगत होते हैं,"कर्तव्य, विधि द्वारा प्रवर्तनीय हैं",politics,4,Combined Higher Secondary Level Examination,2024
"केंद्रक के अलावा कोशिका का वह भाग जिसमें डीएनए और राइबोसोम होते हैं और इस प्रकार अपना प्रोटीन
स्वयं बना सकते हैं, को ___________ के रूप में जाना जाता है।",अन्तः प्रदव्ययी जालिका,राइबोसोम,माइटोकॉन्ड्रिया,गॉल्जीकाय,science,3,Combined Higher Secondary Level Examination,2024
भारत के दक्षिण से उत्तर वाले निम्नलिखित पठारों और पर्वतमालाओं के सही क्रम का चयन कीजिए।,"दक्कन का पठार, सतपुड़ा पर्वतमाला, विंध्य पर्वतमाला और मालवा का पठार","मालवा का पठार, विंध्य पर्वतमाला, सतपुड़ा पर्वतमाला और दक्कन का पठार","दक्कन का पठार, विंध्य पर्वतमाला, सतपुड़ा पर्वतमाला और मालवा का पठार","मालवा का पठार, सतपुड़ा पर्वतमाला, विंध्य पर्वतमाला और दक्कन का पठार",gk,2,Combined Higher Secondary Level Examination,2024
"निम्नलिखित सूक्ष्मवित्त (microfinance) अवधारणाओं को उनके विवरण के साथ सुमेलित कीजिए।
सूची I (अवधारणाएँ)
सूची II (विवरण)
(a) सूक्ष्म ऋण (Microcredit)
(i) कम आय वाले व्यक्तियों के लिए डिज़ाइन किए गए
छोटे, प्राय: सहकर्मी-निगरानी (peer-monitored) वाले
बचत उत्पाद
(b) सूक्ष्म बचत (Microsavings)
(ii) कम आय वाली आबादी के लिए विशिष्ट जोखिमों
(specific perils) के विरुद्ध वित्तीय सुरक्षा
(c) सूक्ष्म बीमा (Microinsurance)
(iii) ऋण चुकौती की गारंटी के रूप में समूह उत्तरदायित्व
का उपयोग
(d) सामाजिक ऋणाधार (Social Collateral)
(iv) पारंपरिक बैंक ऋण के लिए अर्हता प्राप्त न कर पाने
वाले बहुत गरीब उद्यमियों को प्रदान किए जाने वाले छोटे
ऋण","a-(i), b-(ii), c-(iii), d-(iv)","a-(iii), b-(iv), c-(i), d-(ii)","a-(iv), b-(i), c-(ii), d-(iii)","a-(ii), b-(iii), c-(i), d-(iv)",gk,3,Combined Higher Secondary Level Examination,2024
निम्नलिखित में से कौन-सा कर्तव्य भारतीय संविधान में 10वें मौलिक कर्तव्य के रूप में निर्दिष्ट है?,व्यक्तिगत और सामूहिक गतिविधि के सभी क्षेत्रों में उत्कृष्टता की दिशा में प्रयास करना,"उन महान आदर्शों को संजोना और उनका पालन करना जिन्होंने स्वतंत्रता के लिए हमारे राष्ट्रीय संघर्ष को प्रेरित
किया","छह से चौदह वर्ष की आयु के अपने बच्चे या जो भी स्थिति हो, को शिक्षा के अवसर प्रदान करना","वैज्ञानिक दृष्टिकोण, मानवतावाद तथा जिज्ञासा एवं सुधार की भावना का विकास करना",politics,3,Combined Higher Secondary Level Examination,2024
"2021 में, केंद्रीय मंत्री जितेंद्र सिंह ने बेहतर मौसम पूर्वानुमान प्रदान करने के लिए एक्स-बैंड डॉपलर वेदर रडार
(X-band Doppler Weather Radar) का उद्घाटन किया। इसका उद्घाटन कहाँ किया गया था?",लद्दाख,जम्मू,चंडीगढ़,पुदुचेरी,current_affairs,1,Combined Higher Secondary Level Examination,2024
उष्ण कटिबंधीय क्षेत्र (torrid zone) _____________ के बीच स्थित है।,उत्तरी ध्रुव और उत्तरध्रुवीय वृत्त,दक्षिण ध्रुव वृत और मकर रेखा,कर्क रेखा और मकर रेखा,उत्तरध्रुवीय वृत्त और कर्क रेखा,gk,3,Combined Higher Secondary Level Examination,2024
ठीक 12 g कार्बन-12 में परमाणुओं की संख्या क्या कहलाती है?,प्लैंक का स्थिरांक,फैराडे का स्थिरांक,अवोगाद्रो का स्थिरांक,रिडबर्ग का स्थिरांक,science,3,Combined Higher Secondary Level Examination,2024
"मुद्रा के कार्यों के संबंध में निम्नलिखित में से कौन-सा/से कथन सत्य है/हैं?
1.  लेखा (account) की एक इकाई के रूप में मुद्रा का अर्थ है कि यह वस्तुओं, सेवाओं और अन्य लेनदेन के
बाजार मूल्य के माप की एक मानक संख्यात्मक इकाई है।
2.  आस्थगित भुगतान (deferred payment) के मानक के रूप में मुद्रा एक महत्वपूर्ण कार्य नहीं है क्योंकि
आधुनिक अर्थव्यवस्थाएं भविष्य के भुगतान के लिए शायद ही कभी मुद्रा का उपयोग करती हैं।",केवल 1,न तो 1 और न ही 2,1 और 2 दोनों,केवल 2,gk,1,Combined Higher Secondary Level Examination,2024
भारत में जनगणना कार्य कितने चरणों में होता है?,तीन,एक,चार,दो,gk,1,Combined Higher Secondary Level Examination,2024
भारत के सर्वोच्च न्यायालय के क्षेत्राधिकार के संबंध में निम्नलिखित में से कौन-सा कथन सही है?,भारत के संविधान का अनुच्छेद 30 सर्वोच्च न्यायालय को व्यापक मूल क्षेत्राधिकार देता है।,"सर्वोच्च न्यायालय के मूल क्षेत्राधिकार का उपयोग उच्च न्यायालय द्वारा दिए गए प्रमाण पत्र द्वारा किया जा
सकता है।",मूल क्षेत्राधिकार भारत सरकार और एक या अधिक राज्यों के बीच किसी भी विवाद तक विस्तृत होता है।,"सर्वोच्च न्यायालय के पास भारत की सभी अदालतों और न्यायाधिकरणों पर बहुत व्यापक सलाहकार
क्षेत्राधिकार है।",politics,3,Combined Higher Secondary Level Examination,2024
"भ्रष्टाचार के बारे में जागरूकता बढ़ाने और भ्रष्टाचार से निपटने के नए तरीके खोजने के लिए 2021 में
अंतर्राष्ट्रीय भ्रष्टाचार निरोध दिवस (एक वार्षिक कार्यक्रम) कब मनाया गया था?",16 जनवरी को,19 अगस्त को,9 दिसंबर को,4 फरवरी को,current_affairs,3,Combined Higher Secondary Level Examination,2024
नटराज किस हिंदू देवता की नृत्य आकृति का प्रतिनिधित्व करते हैं?,शिव,कार्तिकेय,गणेश,विष्णु,history,1,Combined Higher Secondary Level Examination,2024
बासी और गीली ब्रेड के ऊपर रुई जैसी संवृद्धि (cottony growth) को क्या कहते हैं?,शैवाल (Algae),कवक (Fungi),लाइकेन (Lichens),जीवाणु (Bacteria),science,2,Combined Higher Secondary Level Examination,2024
1905 में प्रसिद्ध समीकरण E = mc2 का प्रतिपादन किसने किया था?,आइजैक न्यूटन,वर्नर हाइजेनबर्ग,अल्बर्ट आइंस्टीन,अर्नेस्ट रदरफोर्ड,science,3,Combined Higher Secondary Level Examination,2024
निम्नलिखित को सुमेलित कीजिए।,"1-c, 2-b, 3-a","1-b, 2-c, 3-a","1-a, 2-b, 3-c","1-a, 2-c, 3-b",gk,2,Combined Higher Secondary Level Examination,2024
पर्वतीय (orographic) वर्षा के संबंध में निम्नलिखित में से कौन-सा कथन सत्य है?,इस प्रकार की वर्षा तब होती है जब गर्म और आर्द्र हवा किसी पर्वत श्रृंखला से टकराती है।,"यह वर्षा भारी वर्षा होती है लेकिन कम अवधि की होती है, अत्यधिक स्थानीयकृत होती है और इसमें न्यूनतम
बादल होते हैं।",इस प्रकार की वर्षा को हवाओं के मौसमी उत्क्रमण से पहचाना जाता है जो समुद्री नमी ले जाती है।,"यह मुख्य रूप से गर्मियों के दौरान होती है और कांगो बेसिन में भूमध्यरेखीय निर्वातमंडल (डोलोड्रम) पर आम
है।",gk,1,Combined Higher Secondary Level Examination,2024
Who is the Administrative Head of the Indian Audit and Accounts Department?,Accountant General,Principal Accountant General,Director General,The Comptroller and Auditor General,politics,4,Combined Graduate Level Examination Tier I 2023,2023
"Which of the following is the largest pan-India scheme to strengthen health care infrastructure across the country with focus on primary, secondary and tertiary care services?",LaQshya,AB-PMJAY,PM-ABHIM,PM-MI,health,3,Combined Graduate Level Examination Tier I 2023,2023
Which of the following festivals is associated with the term ‘ties of protection’?,Baisakhi,Karwa Chauth,Chhath Pooja,Raksha Bandhan,gk,4,Combined Graduate Level Examination Tier I 2023,2023
"In October 2021, 19-year-old ________ won the silver medal at the World Wrestling Championship.",Anshu Malik,Seema Bisla,Sanju Devi,Sonam Malik,sports,1,Combined Graduate Level Examination Tier I 2023,2023
________ emerged as the poorest state as per the first-ever Multi-dimensional Poverty Index (MPI) prepared by Niti Aayog and launched in November 2021.,Bihar,Madhya Pradesh,Uttar Pradesh,Mizoram,gk,1,Combined Graduate Level Examination Tier I 2023,2023
The consumption of fixed capital is also known as _________.,depreciation,net investment,appreciation,gross investment,gk,1,Combined Graduate Level Examination Tier I 2023,2023
"The Vedic Aryans lived in the area called Sapt-Sindhu, which means area drained by seven rivers. One of the rivers among the seven is Jhelum. What was its ancient name?",Askini,Parushni,Vipash,Vitasta,history,4,Combined Graduate Level Examination Tier I 2023,2023
"In Chola administration, ________ was the assembly in the villages which were inhabited predominantly by the Brahmanas.",Ur,Khilya,Nagaram,Sabha,history,1,Combined Graduate Level Examination Tier I 2023,2023
Which of the following states is NOT a part of the Tapi Basin?,Rajasthan,Maharashtra,Madhya Pradesh,Gujarat,gk,1,Combined Graduate Level Examination Tier I 2023,2023
Which of the following is used as a cooling medium for the Large Hadron Collider (LHC) and the superconducting magnets in MRI scanners and NMR spectrometers?,Neon,Chlorine,Argon,Helium,science,4,Combined Graduate Level Examination Tier I 2023,2023
"In 2018, Google Doodle celebrated the 100th birthday of Mrinalini Sarabhai. She is an exponent of which of the following dance forms?",Bharatanatyam and Kathakali,Odissi and Kathak,Kuchipudi and Bharatanatyam,Yakshagana,entertainment,3,Combined Graduate Level Examination Tier I 2023,2023
Bharatanatyam expresses South Indian religious themes and spiritual ideas of _______.,Sufism,Shaivism,Buddhism,Jainism,entertainment,2,Combined Graduate Level Examination Tier I 2023,2023
Who among the following musicians is popular for his mastery over the musical instrument Sitar?,Ali Akbar Khan,Vilayat Khan,Bahadur Khan,Amjad Ali Khan,entertainment,1,Combined Graduate Level Examination Tier I 2023,2023
Which of the following countries was the host of AFC Women's Asia Cup Football–2022?,Japan,Bangladesh,India,China,sports,3,Combined Graduate Level Examination Tier I 2023,2023
Ms Bhakti Pradip Kulkarni was conferred with the Arjuna Award 2022 for her outstanding contribution in which of the following sports?,Table Tennis,Chess,Badminton,Wrestling,sports,2,Combined Graduate Level Examination Tier I 2023,2023
Who among the following was the founder of ‘Tiger Legion' or ‘Free India Legion'?,Vinayak Damodar Savarkar,Subhas Chandra Bose,Sohan Singh Bhakhna,Lala Hardayal,history,3,Combined Graduate Level Examination Tier I 2023,2023
Name a reproductive strategy in which parasites take advantage of the care of other individuals of the same species or different species to raise their young.,Brood parasitism,Sexual parasitism,Klepto parasitism,Competitive parasitism,science,1,Combined Graduate Level Examination Tier I 2023,2023
"On the basis of tribal population (2011), identify the option that arranges the following states in ascending order.
A. Madhya Pradesh
B. Maharashtra
C. Odisha","(C), (B), (A)","(B), (A), (C),","(C), (A), (B)","(B), (C), (A)",gk,4,Combined Graduate Level Examination Tier I 2023,2023
In which industrial policy was the investment limit for tiny industry/unit increased to ₹2 lakh?,1977,1991,1980,1956,gk,1,Combined Graduate Level Examination Tier I 2023,2023
Which scientist thought of the concept of steady state of the universe?,Harold Jeffrey,Edwin Hubble,Fred Hoyle,Pierre-Simon Laplace,science,3,Combined Graduate Level Examination Tier I 2023,2023
"Ryotwari system of revenue collection in India, introduced by the British, was based on the _______.",Smith’s theory of rent,Ricardian theory of rent,Malthusian theory of rent,Marx’s theory of rent,history,2,Combined Graduate Level Examination Tier I 2023,2023
Who received the Nobel Prize in 1901 for ‘recognition of the extraordinary services rendered by the discovery of the laws of chemical dynamics and osmotic pressure in solutions’?,Hermann Emil Fischer,Jacobus Henricus van 't Hoff,Svante August Arrhenius,Henri Moissan,gk,2,Combined Graduate Level Examination Tier I 2023,2023
Which of the following Articles of the Indian Constitution are related to citizenship?, Articles 15 to 21, Articles 5 to 11,Articles 2 to 4, Articles 25 to 31,politics,2,Combined Graduate Level Examination Tier I 2023,2023
The length of the badminton court for singles is:,13.44 m,13.55 m,14 m,13.40 m,sports,1,Combined Graduate Level Examination Tier I 2023,2023
Which of the following is NOT a component of a flower?,Androecium,Corolla,Spines,Calyx,science,3,Combined Graduate Level Examination Tier I,2024
Where was the Hindu College established in the year 1791?,Mathura,Kolkata,Benaras,Patna,history,3,Combined Graduate Level Examination Tier I,2024
Where is the Gulf of Mannar located?,Between the south-eastern tip of India and the eastern coast of Sri Lanka ,Between the south-eastern tip of India and the western coast of Sri Lanka,Between the south-eastern tip of India and the north-western coast of Sri Lanka,Between the south-eastern tip of India and the southern coast of Sri Lanka  ,gk,1,Combined Graduate Level Examination Tier I,2024
"Who among the following won a Gold Medal at the 2021 World Cadet Wrestling Championship held in Budapest, Hungary?",Geeta Phogat,Vinesh Phogat,Pooja Dhanda,Priya Malik,sports,4,Combined Graduate Level Examination Tier I,2024
Sangeet Kala Acharya Award is given by which organisation every year since 1993?,Madras Music Academy,Calcutta School of Music,Shankar Mahadevan Academy,Subramaniam Academy of Performing Arts,entertainment,1,Combined Graduate Level Examination Tier I,2024
Which of the following is an example of a non-tax revenue source for the government?,Fees and fines,Personal income tax,Corporate income tax,Value-added tax,gk,1,Combined Graduate Level Examination Tier I,2024
Sangeet Natak Akademy Awardee Sulochana Chavan was a famous ________ singer.,Giddha,Jhumair,Ghumar,Lavani,entertainment,4,Combined Graduate Level Examination Tier I,2024
Which of the following plants is used to cure cold and cough?,Tulsi,Babool,Jamun,Arjun,health,1,Combined Graduate Level Examination Tier I,2024
"Which is the colloquial term to describe the occurrence of pre-monsoon rains in India especially in parts of Kerala, Karnataka and Tamil Nadu?",Mango showers,Kalbaisakhi,Nor Westers,Orange showers,gk,1,Combined Graduate Level Examination Tier I,2024
The name ‘Piyadassi’ is associated with whom among the following Mauryan kings?,Bindusara,Brihadratha,Ashoka,Chandragupta Maurya,history,3,Combined Graduate Level Examination Tier I,2024
The festival of ‘Rath Yatra’ of Puri in Odisha is dedicated to which deity?,Lord Jagannath,Lord Ganesha,Lord Shiva,Lord Hanuman,gk,1,Combined Graduate Level Examination Tier I,2024
How many members are nominated by the President to the Rajya Sabha?,12,10,20,15,politics,1,Combined Graduate Level Examination Tier I,2024
Which of the following is NOT the socio-economic objective of Industrial Policy Statement 1980?,Higher employment generation,Consumer protection against high prices and bad quality,Promotion of export-oriented industries,Allowing the maximum foreign direct investment,politics,4,Combined Graduate Level Examination Tier I,2024
In which of the following years will India host the World Badminton Championship?,2025,2028,2026,2027,sports,3,Combined Graduate Level Examination Tier I,2024
Grignard reagent is represented as:,CH3-Ca-F ,CH3-Be-F,CH3-Mg-Cl , H-Mg-H,science,3,Combined Graduate Level Examination Tier I,2024
Which of the following crops is NOT grown during the Zaid season in India?,Rice,Cucumber,Watermelon,Muskmelon,gk,1,Combined Graduate Level Examination Tier I,2024
Who was the player of the match in the semi-final of the T20 Women's World Cup 2023 played between India and Australia?,Deepti Sharma,Ashleigh Gardner,Meg Lanning,Harmanpreet kaur,sports,2,Combined Graduate Level Examination Tier I,2024
"As per article 123, the ordinance making power is the most important legislative power of ____________.",President,Rajya Sabha,Legislative council,Chief Justice of India,politics,1,Combined Graduate Level Examination Tier I,2024
In which year was the Gandhi-Irwin Pact signed?,1935,1929,1931,1941,history,3,Combined Graduate Level Examination Tier I,2024
Which of the following schemes was launched for the welfare of the unorganised sector workers and labourers on 26 August 2021?,e-Shram Portal,PM Mentoring Yuva Scheme,PM Daksh Yojana,Gram Ujala Scheme,current_affairs,1,Combined Graduate Level Examination Tier I,2024
What is the SI unit of current?,Ohm ,Ampere ,Metre,Volt,science,2,Combined Graduate Level Examination Tier I,2024
Name a common electrolyte disorder that occurs when the amount of sodium in your blood becomes abnormally low.,Hyperkalemia,Hypokalemia,Hyponatremia,Hypernatremia,health,3,Combined Graduate Level Examination Tier I,2024
Dr. B. R. Ambedkar described Directive Principles of State Policy as __________of the Indian constitution.,soul of the state,identity card of the constitution,The mostprecious part of the constitution,a novel feature of the constitution,politics,4,Combined Graduate Level Examination Tier I,2024
Tera Tali folk dance is primarily associated with which of the following states?,Rajasthan  ,Assam,Madhya Pradesh,Haryana,entertainment,1,Combined Graduate Level Examination Tier I,2024
"Who among the following was the Vakil under the reign of Mughal Emperor, Akbar, who received the title of Khan-i-Khanan?",Mulla do-Piyaza,Birbal,Raja Todar Mal,Bairam Khan,history,4,Combined Graduate Level Examination Tier I,2024
"Select the word-pair that best represents a similar relationship to the one expressed in the pair of words given below.
(The words must be considered as meaningful English words and must NOT be related to each other based on the number
of letters/number of consonants/vowels in the word)
Kaziranga : Rhinoceros",Gahirmatha : Lions,Periyar : Elephants,Ranthambore : Peacocks,Gir : Leopards,gk,2,Combined Graduate Level Examination Tier I,2024
"Rudrasena II of which of the following dynasties married Prabhavatigupta, the daughter of Chandragupta II of the Gupta
dynasty?",Pushyabhuti,Vakataka,Chalukya,Pallava,history,2,Combined Graduate Level Examination Tier I,2024
"Madhuri Barthwal, a folk singer and Padma Shri 2022 awardee, belongs to which of the following states of India?",Uttarakhand,Himachal Pradesh,Uttar Pradesh,Maharashtra,entertainment,1,Combined Graduate Level Examination Tier I,2024
Which of the following options is the legislative organ of the Union government?,Judiciary,Legislative assembly,Executive,Parliament,politics,4,Combined Graduate Level Examination Tier I,2024
Which of the following elements is a metalloid?,Iron ,Oxygen  ,Sodium  ,Silicon  ,science,4,Combined Graduate Level Examination Tier I,2024
Which country has the Republic feature of the Indian Constitution been borrowed from?,French Constitution,Irish Constitution,British Constitution,Australian Constitution,politics,1,Combined Graduate Level Examination Tier I,2024
"Which of the following States has declared a social security scheme for registered newspaper hawkers in the State in 2021
considering the losses they faced during the pandemic and that they are a part of the unorganised sector?",Gujarat,Maharashtra,Odisha,Tamil Nadu,current_affairs,3,Combined Graduate Level Examination Tier I,2024
Which of the following is the main cause of land degradation in Jharkhand and Chhattisgarh?,Intensive use of manure,Over-irrigation,Deforestation due to mining,Overgrazing,gk,3,Combined Graduate Level Examination Tier I,2024
"The Accelerated Female Literacy Programme was initiated in districts where the female literacy rate, based on the 2001
census, was _______.",below 35%,below 45%,below 30%,below 50%,gk,1,Combined Graduate Level Examination Tier I,2024
"As of 2021, which is the world's largest drainage basin with an area of ​​about 70,00,000 km2?",Congo basin,Amur basin,Amazon basin,Nile basin,gk,3,Combined Graduate Level Examination Tier I,2024
National Sports University is situated in ________.,Mizoram,Tripura,Meghalaya,Manipur,sports,4,Combined Graduate Level Examination Tier I,2024
Which of the following characteristics is NOT of Aves?,They have four-chambered heart.,They give birth to live young ones with some exceptions those lay eggs.,These are warm-blooded animals.,They breathe through the lungs,science,2,Combined Graduate Level Examination Tier I,2024
"In which of the following states is the development of rail transport less, due to its geographical conditions?",Sikkim,Haryana,Bihar,Uttar Pradesh ,gk,1,Combined Graduate Level Examination Tier I,2024
Which of the following books is INCORRECTLY paired with its respective author?,Hind Swaraj – Mahatma Gandhi,Gitanjali – Rabindranath Tagore,The Discovery of India – Subhash Chandra Bose,Why I am an Atheist – Bhagat Singh,gk,3,Combined Graduate Level Examination Tier I,2024
Who among the following was a poet who won Nobel Prize for literature in 1913?,Aurobindo Ghose,Rudyard Kipling,Bankin Chandra Chattopadhyay,Rabindranath Tagore,entertainment,4,Combined Graduate Level Examination Tier I,2024
In which year was the National Institute of Kathak Dance established?,1964,1961,1954,1969,entertainment,1,Combined Graduate Level Examination Tier I,2024
"As for the year 2020-21, which of the following states had the lowest unemployment rate among persons aged 15 years and
above?",Sikkim,Madhya Pradesh,Gujarat,Chhattisgarh,gk,4,Combined Graduate Level Examination Tier I,2024
When was the Indian Hockey Federation established?,1925,1955,1945,1935,sports,1,Combined Graduate Level Examination Tier I,2024
"Which cell organelle is defined as the small round organelle that undergoes oxidation reaction to produce hydrogen
peroxide?",Centrosome,Vacuole,Nucleus,Peroxisomes,science,4,Combined Graduate Level Examination Tier I,2024
The cause of a redox reaction is the:,transfer of electrons between two reactants,transfer of electrons between two products,transfer of neutrons between two reactants,exchange of halogens between two reactants,science,1,Combined Graduate Level Examination Tier I,2024
‘Sangken’ is a festival celebrated in Arunachal Pradesh by people of which of the following religions?,Islam,Buddhism,Jainism,Hinduism,gk,2,Combined Graduate Level Examination Tier I,2024
Which group of people will be benefited by the Mukhya Mantri Sukh Ashray Yojana approved by Himachal Pradesh?,Students and teachers,"Orphans, specially abled children, destitute women and senior citizens",Unemployed youth,Farmers and agricultural labourers,gk,2,Combined Graduate Level Examination Tier I,2024
What is the aim of the PM Ujjwala 2.0 Yojna launched in August 2021?,Free LPG connections for commercial use,20 million LPG connections will be provided to the beneficiaries,10 million LPG connections will be provided to the beneficiaries,Free gas stove for BPL Households,gk,3,Combined Graduate Level Examination Tier I,2024
MG Music Awards is presented annually by which of the following states?,Mizoram,Nagaland,Manipur,Chhattisgarh,entertainment,1,Combined Graduate Level Examination Tier I,2024
"If assets of a bank are greater than liabilities, it will be recorded as:",liabilities,net worth,reserves,assets,gk,2,Combined Graduate Level Examination Tier I,2024
Which of the following departments of Delhi Sultanate was reorganized by Balban?,Diwan-i-Ishtiaq,Diwan-i-Arz,Diwan-i-Risalat,Diwan-i-Mustakhraj,history,2,Combined Graduate Level Examination Tier I,2024
Select the INCORRECT statement about Gymnosperms.,"Gymnosperms exhibit cones or strobili and naked seeds, but not flowers.",Gymnosperms are typically slow in terms of reproduction; up to a year may pass between pollination and fertilisation and seed maturation may require 3 years.,Gymnosperms are seedless flowering plants.,"Gymnosperms are found as woody shrubs, trees or lianas and include no true aquatics and few epiphytes.",science,3,Combined Graduate Level Examination Tier I,2023
"Padmaja Reddy, who was conferred the Padma Shri in 2022, is renowned for which of the following dance forms?",Kathak,Odissi,Bharatanatyam,Kuchipudi,entertainment,4,Combined Graduate Level Examination Tier I,2023
‘We have wings' is associated with which of the following sports events?,Olympic 2020,Paralympic 2020,Winter Olympic 2020,Olympic 2016,sports,2,Combined Graduate Level Examination Tier I,2023
"On 29 July 2021, the Government of India launched Vidya Pravesh, a preschool preparation programme for ______ students, preparing the children for school.",kindergarten,class first,pre-nursery,nursery,gk,2,Combined Graduate Level Examination Tier I,2023
"Sisodiya Rajput ruler of Mewar, Amar Singh accepted Mughal services during the reign of ________.",Jahangir,Aurangzeb,Akbar,Babur,history,1,Combined Graduate Level Examination Tier I,2023
"Sports Authority of India, the apex body for sports promotion, was set up in the year _______.",1984,1990,1961,1982,sports,4,Combined Graduate Level Examination Tier I,2023
"Select the correct sequence of the musical instruments according to the given sequence of their associated personalities: Ustad Allah Rakha, Totaram Sharma, TH Vinayakam.","Ghatam, Pakhawaj, Tabla","Tabla, Ghatam, Pakhawaj","Tabla, Pakhawaj, Ghatam","Pakhawaj, Tabla, Ghatam",entertainment,3,Combined Graduate Level Examination Tier I,2023
The origin of Directive Principles of State Policy can be traced to which of the following?,Second Round Table Conference,Gandhi Irwin Pact,Poona Pact,Karachi Resolution,politics,1,Combined Graduate Level Examination Tier I,2023
Single-celled life forms were discovered by Anton Van Leeuwenhoek in _______.,1837,1774,1884,1674,science,4,Combined Graduate Level Examination Tier I,2023
"Due to attraction of the sun and the moon, what is the frequency of up and falls down of ocean water in a day?",Three,One,Four,Two,science,4,Combined Graduate Level Examination Tier I,2023
Which of the following is NOT a freshwater lake in India?,Bhimtal,Pulicat,Nainital,Loktak,gk,2,Combined Graduate Level Examination Tier I,2023
RG Bhandarkar was a popular leader of which reforming society?,Arya Samaj ,Prarthana Samaj ,Theosophical Society ,Brahmo Samaj ,history,2,Combined Graduate Level Examination Tier I,2023
"The total number of Ministers, including the Chief Minister, in the Council of Ministers in a State shall NOT exceed ________ of the total number of members of the Legislative Assembly of that State.",twenty percent ,fifteen percent ,ten percent ,twenty five percent,politics,2,Combined Graduate Level Examination Tier I,2023
What is the name of the scheme launched in 2022 for the welfare measures of the transgender community and for persons who are engaged in the act of begging?,SHRI,RISE,SHINE,SMILE,gk,4,Combined Graduate Level Examination Tier I,2023
________was the first woman to be ordained as a bhikkhuni in the Buddhism.,Sujata,Mahapajapati Gotami,Sanghamitta,Dhammananda Bhikkhuni,history,2,Combined Graduate Level Examination Tier I,2023
The cultivation of ______ was introduced on the Baba Budan Hills in India.,tea,silk,coffee,cardamom,gk,3,Combined Graduate Level Examination Tier I,2023
A non-SI unit called ‘nit’ is the unit of which of the following photometric quantities used to measure a multitude of light intensity?,Luminance,Luminous emittance,Luminous exposure,Luminosity,science,1,Combined Graduate Level Examination Tier I,2023
Who led the Revolt of 1857 in Bihar?,Bakht Khan,Veer Kunwar Singh,Azimullah,Maulvi Ahmadullah,history,2,Combined Graduate Level Examination Tier I,2023
Thabal Chongba is a folk dance of which Indian state?,Mizoram,Manipur,West Bengal,Goa,entertainment,2,Combined Graduate Level Examination Tier I,2023
GDP deflator = _________, (nominal GDP × Real GDP) × 100, (nominal GDP − Real GDP) × 100, (nominal GDP + Real GDP) × 100,(nominal GDP / Real GDP) × 100,gk,4,Combined Graduate Level Examination Tier I,2023
Identify an application in which solar cells are NOT used.,Radio,Lift system,Artificial satellites,Space probes,science,2,Combined Graduate Level Examination Tier I,2023
"The biennial tri-services amphibious exercise, AMPHEX 2023 was conducted in ________ from 17 to 22 January 2023.",Bihar,Odisha,Andhra Pradesh,Telangana,current_affairs,3,Combined Graduate Level Examination Tier I,2023
Industries are classified into __________ categories in the Industrial Policy Resolution.,five ,three,four,two,gk,3,Combined Graduate Level Examination Tier I,2023
Diwali falls in which of the following months of the Hindu calendar?,Bhadrapada,Jyeshtha,Ashadha,Kartika,gk,4,Combined Graduate Level Examination Tier I,2023
"Padmaja Reddy, who was conferred the Padma Shri in 2022, is renowned for which of the
following dance forms?",Kathak,Odissi,Bharatanatyam,Kuchipudi,entertainment,4,Combined Graduate Level Examination Tier I,2023
"On 29 July 2021, the Government of India launched Vidya Pravesh, a preschool preparation
programme for ______ students, preparing the children for school.",kindergarten,class first,pre-nursery,nursery,current_affairs,2,Combined Graduate Level Examination Tier I,2023
"Sisodiya Rajput ruler of Mewar, Amar Singh accepted Mughal services during the reign of
________.",Jahangir,Aurangzeb,Akbar,Babur,history,1,Combined Graduate Level Examination Tier I,2023
"Select the correct sequence of the musical instruments according to the given sequence of
their associated personalities: Ustad Allah Rakha, Totaram Sharma, TH Vinayakam.","Ghatam, Pakhawaj, Tabla","Tabla, Ghatam, Pakhawaj","Tabla, Pakhawaj, Ghatam","Pakhawaj, Tabla, Ghatam",entertainment,3,Combined Graduate Level Examination Tier I,2023
"Due to attraction of the sun and the moon, what is the frequency of up and falls down of
ocean water in a day?",Three,One,Four,Two,science,4,Combined Graduate Level Examination Tier I,2023
"The total number of Ministers, including the Chief Minister, in the Council of Ministers in a
State shall NOT exceed ________ of the total number of members of the Legislative Assembly
of that State.",twenty percent ,fifteen percent ,ten percent ,twenty five percent,politics,2,Combined Graduate Level Examination Tier I,2023
"What is the name of the scheme launched in 2022 for the welfare measures of the
transgender community and for persons who are engaged in the act of begging?",SHRI,RISE,SHINE,SMILE,current_affairs,4,Combined Graduate Level Examination Tier I,2023
"A non-SI unit called ‘nit’ is the unit of which of the following photometric quantities used to
measure a multitude of light intensity?",Luminance,Luminous emittance,Luminous exposure,Luminosity,science,1,Combined Graduate Level Examination Tier I,2023
"The biennial tri-services amphibious exercise, AMPHEX 2023 was conducted in ________ from
17 to 22 January 2023.",Bihar,Odisha,Andhra Pradesh,Telangana,current_affairs,3,Combined Graduate Level Examination Tier I,2023
"Select the option that represents the correct order of the given words as they would appear in an English dictionary.
1. Variance
2. Violence
3. Vanquish
4. Vampire
5. Valiant
6. Victorious","4, 5, 3, 1, 2, 6","5, 3, 4, 1, 6, 2","5, 4, 3, 1, 6, 2","4, 3, 5, 2, 1, 6",gk,3,Combined Graduate Level Examination Tier I,2023
Which of the following musical instruments were played by the musicians such as Shakoor Khan and Pandit Ram Narayan?,Sarangi,Shehnai,Guitar,Veena,entertainment,1,Combined Graduate Level Examination Tier I,2023
"According to IBEF 2021, the Indian pharmaceutical industry ranks _____ in the world on the basis of volume.",9th,5th,11th,3rd,gk,4,Combined Graduate Level Examination Tier I,2023
When did Linus Carl Pauling receive the Nobel Prize in Chemistry for ‘his research into the nature of the chemical bond and its applications to the elucidation of the structure of complex substances’?,1954,1950,1956,1958,science,1,Combined Graduate Level Examination Tier I,2023
Daskathia of _________ is the tribal dance performed by two males depicting the historic and Puranic events.,Uttar Pradesh,Gujarat,Goa,Odisha,entertainment,4,Combined Graduate Level Examination Tier I,2023
What will be the atomic number of an element X which is placed in period 2 and group 17?,8,7,10,9,science,2,Combined Graduate Level Examination Tier I,2023
In which two consecutive years was there no chief guest at the Republic Day celebrations of India?,2021 and 2022,2019 and 2020,2020 and 2021,2018 and 2019,current_affairs,1,Combined Graduate Level Examination Tier I,2023
"Before the rise of the modern industrial system, Indian exports consisted chiefly of manufactures like________.",electricals,chemicals,light machinery,cotton and silk fabrics,history,4,Combined Graduate Level Examination Tier I,2023
The Kanchenjunga peak is located in which sub-division of Himalaya from the following?,Kashmir Himalayas,Darjeeling and Sikkim Himalayas,Himachal and Uttaranchal Himalayas,Arunachal Himalayas,gk,2,Combined Graduate Level Examination Tier I,2023
"Guru Bipin Singh, a Nrityacharya awardee, Sangeet Natak Akademi awardee and Kalidas Samman awardee, was renowned for promoting which classical dance form?",Manipuri,Kuchipudi,Odissi,Kathak,entertainment,1,Combined Graduate Level Examination Tier I,2023
Who holds the authority of transferring judges from one High court to another High Court?,The senior most judge of Supreme Court,The chief justice of India,The President of India,The law minister of India,politics,3,Combined Graduate Level Examination Tier I,2023
"___________ is the process of complete or incomplete oxidation or hydrolysis of fats and oils when exposed to air, light, moisture, or bacterial action that spoils food.",Rancidification,Hydrogenation,Auto-oxidation,Auto reduction,science,1,Combined Graduate Level Examination Tier I,2023
Which of the following is a Tibeto-Burmese language?,Odia,Tripuri,Assamese,Tulu,gk,2,Combined Graduate Level Examination Tier I,2023
Who among the following was the author of the play ‘Mrichchhakatika’?,Kalidasa,Amarasimha,Shudraka,Bhasa,history,1,Combined Graduate Level Examination Tier I,2023
Select the FALSE statement from the given options.,Baikal rocks are formed from the dissolved materials that precipitate from the solution.,The sedimentary rocks are formed by the deposition and subsequent cementation of that material within bodies of water and at the surface of the earth.,"Metamorphic rocks may be formed simply by being deep beneath the Earth’s surface, subjected to high temperatures and the great pressure of the rock layers above it.",Igneous rock is formed through the cooling and solidification of magma or lava.,science,1,Combined Graduate Level Examination Tier I,2023
"Pathans in North-West India organised the society of Khudai Khidmatgars, popularly known as Red Shirt, under whose leadership?",Muhammad Ali,MA Ansari,Khan Abdul Ghaffar Khan,Hasrat Mohani,history,3,Combined Graduate Level Examination Tier I,2023
In which of the following States/Union Territories were the 36th National Games held?,Rajasthan,New Delhi,Gujarat,Kerala,sports,3,Combined Graduate Level Examination Tier I,2023
Which of the following was established in Bombay in 1875?,Satyashodhak Samaj,Aligarh movement,Brahma Samaj,Arya Samaj,history,4,Combined Graduate Level Examination Tier I,2023
Which of the following options conveys the meaning of the word ‘Republic’ in the Indian Constitution?,Elected head,Nominated head,Subordinate head,Hereditary head,politics,1,Combined Graduate Level Examination Tier I,2023
Who among the following was defeated in the battle of Chanderi in 1528?,Shershah Suri,Babur,Sikandar Lodi,Medini Rai,history,4,Combined Graduate Level Examination Tier I,2023
The venue of the 2020 Olympic Games was _________.,Sydney,Rio,Tokyo,Los Angeles,sports,3,Combined Graduate Level Examination Tier I,2023
When was the International Day of the Girl Child 2021 celebrated?,14 October,12 October,13 October,11 October,gk,1,Combined Graduate Level Examination Tier I,2023
Which is the Administrative Head of the Indian Audit and Accounts Department?,Accountant General,Principal Accountant General,Director General,The Comptroller and Auditor General,gk,4,Combined Graduate Level Examination Tier I,2023
"Which is the colloquial term to describe the occurrence of pre-monsoon rains in India especially in parts of Kerala,
Karnataka and Tamil Nadu?",Mango showers,Kalbaisakhi,Nor Westers,Orange showers,gk,1,Combined Graduate Level Examination,2024
"Which of the following schemes was launched for the welfare of the unorganised sector workers and labourers on 26
August 2021?",e-Shram Portal,PM Mentoring Yuva Scheme,PM Daksh Yojana,Gram Ujala Scheme,current_affairs,1,Combined Graduate Level Examination,2024
Article 148 of the Constitution of India provides for an independent office of the ________.,Attorney General of India,President of India,Comptroller and Auditor General of India,Advocate General of the State,politics,3,Combined Graduate Level Examination,2023
"Following statements are made regarding global warming.A. Global warming is the long-term heating of Earth's surface observed since the pre-industrial period due to human activities, primarily fossil fuel burning, which increases heat-trapping greenhouse gas levels in Earth's atmosphere.B. Global warming causes climate change, which poses a serious threat to life on Earth in the forms of widespread flooding and extreme weather.Which of these statements are correct?",Only B,Only A,Both A & B,Both A & B are incorrect,science,3,Combined Graduate Level Examination,2023
"In August 2021, the Ministry of Labour and Employment launched the ________ portal for creating a National Database of Unorganized Workers (UWs).",eUmang,eRozgaar,eGyan,eShram,current_affairs,4,Combined Graduate Level Examination,2023
Plants that do not have well-differentiated body design fall in this group. The plants in this group are commonly called algae. These plants are predominantly aquatic.,Bryophyta,Angiosperms,Thallophyta,Pteridophyta,science,3,Combined Graduate Level Examination,2023
Which artificial element has been provisionally named seaborgium by American researchers in honour of Nobel Laureate Glenn T Seaborg?,Element 97,Element 106,Element 90,Element 103,science,2,Combined Graduate Level Examination,2023
Who explained the structure and reproductive system of algae in 1935?,MOP Iyengar ,FE Fritsch,William Henry,Carolus Linnaeus,science,1,Combined Graduate Level Examination,2023
Which of the following is correct about uniform acceleration?,An object moving on friction-less surface can gain uniform acceleration.,An object under free fall is an example of uniform acceleration.,An object moving with constant speed is an example of uniform acceleration.,Motion of a spring is an example of uniform acceleration.,science,2,Combined Graduate Level Examination,2023
The induced current is the highest when the direction of motion of the coil is:,not at right angles to the magnetic field,at right angles to the electricity,at right angles to the electric source,at right angles to the magnetic field,science,4,Combined Graduate Level Examination,2023
Hydrogen resembles the properties of which two groups of the periodic table?,Group 2 and group 17,Group 1 and group 3,Group 1 and group 17,Group 2 and group 4,science,3,Combined Graduate Level Examination,2023
"Which is a specialised excretory cell found in Platyhelminthes that acts like a kidney, removing waste material through filtration?",Fat cell,Flame cell,Stem cell,Sponge cell,science,2,Combined Graduate Level Examination,2023
Who among the following was the President of the Indian National Congress during the 1915 session?,Satyendra Prasanna Sinha,Ambica Charan Mazumdar,Bhupendra Nath Bose,Madan Mohan Malaviya,history,1,Combined Graduate Level Examination,2023
Which officer under Alauddin Khilji was required to maintain a register of merchants to ensure an adequate supply of goods?,Nazir,Rais Parwana,Muhtasib,Shahna-i-Mandi,history,4,Combined Graduate Level Examination,2023
"Which of the following statements is/are true?(A) COP28 is proposed to be held in New Delhi, India.(B) The first UN Climate Change Conference was held in 1995.(C) The first UN Climate Change Conference was held in Paris, France.",Only A,A and B,B and C,Only B,current_affairs,4,Combined Graduate Level Examination,2023
How many types of writs can be issued under Article 32 and 226 of the Constitution of India?,Four,Six,Five,Seven,politics,3,Combined Graduate Level Examination,2023
"In India, who among the following is responsible for auditing all receipts and expenditure of the Union and State governments?",Attorney General for India,Advocate General,Union Public Service Commission,Comptroller and Auditor- General,politics,4,Combined Graduate Level Examination,2023
"Which of the following launched NEAT 3.0 to provide best developed ed-tech solutions, in January 2022?",Ministry of Law and Justice,Ministry of Electronics and Information Technology,Ministry of Social Justice and Empowerment,Ministry of Education,tech,2,Combined Graduate Level Examination,2023
"Name the hot, dry oppressing winds that blow in between Delhi and Patna.",Nor westers,Mango shower,Blossom shower,Loo,gk,4,Combined Graduate Level Examination,2023
"In India, according to the Insolvency and Bankruptcy Code, 2016, the process of insolvency resolution for companies should be completed in how many days?",180,150,170,120,gk,1,Combined Graduate Level Examination,2023
"Pushyamitra, who was the commander of Brihadratha, the last Mauryan emperor, killed the king and established a new dynasty. Which of the following was his dynasty?",Shunga,Kanva,Satavahana,Chedi,history,1,Combined Graduate Level Examination,2023
The Reserve Bank of India introduced a comprehensive regulatory framework for NBFC-MFI on __________.,10 December 2015,2 December 2011,8 December 2013,5 December 2012,gk,2,Combined Graduate Level Examination,2023
"Which of the following statements is/are correct regarding the Multi-State Co-operative Societies (Amendment) Bill, 2022?A. The Lok Sabha referred this Bill to the joint committee of parliament comprising 21 members from the Lower House and 10 from the Upper House.B. This Bill also proposed to establish a ‘Cooperative Election Authority’ to bring electoral reforms.C. The Bill also has a Section — 63A that relates to ‘establishment of the Cooperative Rehabilitation, Reconstruction and Development Fund’ for revival of ‘sick multi-state cooperative societies’.",A and B only,B and C only,"A, B and C",A and C only,politics,3,Combined Graduate Level Examination,2023
"Following statements are made regarding global warming.
A. Global warming is the long-term heating of Earth's surface observed since the pre-
industrial period due to human activities, primarily fossil fuel burning, which increases
heat-trapping greenhouse gas levels in Earth's atmosphere.
B. Global warming causes climate change, which poses a serious threat to life on
Earth in the forms of widespread flooding and extreme weather.
Which of these statements are correct?",Only B,Only A,Both A & B,Both A & B are incorrect,science,3,Combined Graduate Level Examination,2023
"In August 2021, the Ministry of Labour and Employment launched the ________ portal
for creating a National Database of Unorganized Workers (UWs).",eUmang,eRozgaar,eGyan,eShram,current_affairs,4,Combined Graduate Level Examination,2023
"Plants that do not have well-differentiated body design fall in this group. The plants in
this group are commonly called algae. These plants are predominantly aquatic.",Bryophyta,Angiosperms,Thallophyta,Pteridophyta,science,3,Combined Graduate Level Examination,2023
"Which artificial element has been provisionally named seaborgium by American
researchers in honour of Nobel Laureate Glenn T Seaborg?",Element 97,Element 106,Element 90,Element 103,science,2,Combined Graduate Level Examination,2023
"Who among the following was the President of the Indian National Congress during
the 1915 session?",Satyendra Prasanna Sinha,Ambica Charan Mazumdar,Bhupendra Nath Bose,Madan Mohan Malaviya,history,1,Combined Graduate Level Examination,2023
"Which officer under Alauddin Khilji was required to maintain a register of merchants to
ensure an adequate supply of goods?",Nazir,Rais Parwana,Muhtasib,Shahna-i-Mandi,history,4,Combined Graduate Level Examination,2023
"Which of the following statements is/are true?
(A) COP28 is proposed to be held in New Delhi, India.
(B) The first UN Climate Change Conference was held in 1995.
(C) The first UN Climate Change Conference was held in Paris, France.",Only A,A and B,B and C,Only B,current_affairs,4,Combined Graduate Level Examination,2023
"How many types of writs can be issued under Article 32 and 226 of the Constitution of
India?",Four,Six,Five,Seven,politics,3,Combined Graduate Level Examination,2023
"In India, who among the following is responsible for auditing all receipts and
expenditure of the Union and State governments?",Attorney General for India,Advocate General,Union Public Service Commission,Comptroller and Auditor- General,politics,4,Combined Graduate Level Examination,2023
"Which of the following launched NEAT 3.0 to provide best developed ed-tech
solutions, in January 2022?",Ministry of Law and Justice,Ministry of Electronics and Information Technology,Ministry of Social Justice and Empowerment,Ministry of Education,tech,2,Combined Graduate Level Examination,2023
"In India, according to the Insolvency and Bankruptcy Code, 2016, the process of
insolvency resolution for companies should be completed in how many days?",180,150,170,120,gk,1,Combined Graduate Level Examination,2023
"Pushyamitra, who was the commander of Brihadratha, the last Mauryan emperor,
killed the king and established a new dynasty. Which of the following was his dynasty?",Shunga,Kanva,Satavahana,Chedi,history,1,Combined Graduate Level Examination,2023
"The Reserve Bank of India introduced a comprehensive regulatory framework for
NBFC-MFI on __________.",10 December 2015,2 December 2011,8 December 2013,5 December 2012,gk,2,Combined Graduate Level Examination,2023
"Which of the following statements is/are correct regarding the Multi-State Co-operative
Societies (Amendment) Bill, 2022?
A. The Lok Sabha referred this Bill to the joint committee of parliament comprising 21
members from the Lower House and 10 from the Upper House.
B. This Bill also proposed to establish a ‘Cooperative Election Authority’ to bring
electoral reforms.
C. The Bill also has a Section — 63A that relates to ‘establishment of the Cooperative
Rehabilitation, Reconstruction and Development Fund’ for revival of ‘sick multi-state
cooperative societies’.",A and B only,B and C only,"A, B and C",A and C only,politics,3,Combined Graduate Level Examination,2023
"Rudrasena II of which of the following dynasties married Prabhavatigupta, the daughter of Chandragupta II of the Gupta dynasty?",Pushyabhuti,Vakataka,Chalukya,Pallava,history,2,Combined Graduate Level Examination,2024
Which of the following States has declared a social security scheme for registered newspaper hawkers in the State in 2021 considering the losses they faced during the pandemic and that they are a part of the unorganised sector?,Gujarat,Maharashtra,Odisha,Tamil Nadu,current_affairs,3,Combined Graduate Level Examination,2024
"The Accelerated Female Literacy Programme was initiated in districts where the female literacy rate, based on the 2001 census, was _______.",below 35%,below 45%,below 30%,below 50%,gk,1,Combined Graduate Level Examination,2024
"As for the year 2020-21, which of the following states had the lowest unemployment rate among persons aged 15 years and above?",Sikkim,Madhya Pradesh,Gujarat,Chhattisgarh,gk,4,Combined Graduate Level Examination,2024
Which cell organelle is defined as the small round organelle that undergoes oxidation reaction to produce hydrogen peroxide?,Centrosome,Vacuole,Nucleus,Peroxisomes,science,4,Combined Graduate Level Examination,2024
Who among the following musical instruments were played by the musicians such as Shakoor Khan and Pandit Ram Narayan?,Sarangi,Shehnai,Guitar,Veena,entertainment,1,Combined Graduate Level Examination,2023
KA Najeeb Vs Union of India case deals with violation of rights under____________.,Article 16,Article 21,Article 14,Article 19,politics,2,Combined Graduate Level Examination,2023
Fisher’s quantity theory is explained by his famous equation given as ________.,MP = VT,MV = PT,MT = PV,PV = MV,gk,2,Combined Graduate Level Examination,2023
Which musical instruments were played by the musicians such as Shakoor Khan and Pandit Ram Narayan?,Sarangi,Shehnai,Guitar,Veena,entertainment,1,Combined Graduate Level Examination,2023
"In January 2022, which State Government has extended its integrated initiative for the empowerment of persons with disabilities (PwDs) — the Bhima Bhoi Bhinnakhyama Samarthya Abhiyan (BBSA) – for the next five years?",Odisha,Manipur,Jharkhand,West Bengal,gk,1,Combined Graduate Level Examination,2023
Which of the following is the red algae?,Rhodophyceae,Chlorophyceae,Liverwort,Phaeophyceae,science,1,Combined Graduate Level Examination,2023
In which state is Sangken festival celebrated ?,Islam,Buddhism,Jainism,Hinduism,entertainment,2,Combined Graduate Level Examination,2023
"As of 2021, which is the world's largest drainage basin with an area of 	about 70,00,000 km2?",Congo basin,Amur basin,Amazon basin,Nile basin,gk,3,Combined Graduate Level Examination,2023
"Select the word pair that best represents a similar relationship to the one expressed in the pair of words given below. (The words must be considered as meaningful English words and must not be related to each other based on the number of letters/number of consonants/vowels in the word)
Presence : Abundance",Nourish : Neglect,Infinite : Cosmic,Abstract : Concrete,Concise : Verbose,gk,4,Combined Graduate Level Examination,2024
"The following sentence has been split into four segments. Identify the segment that contains a grammatical error.
Neetu have been / waiting for me / since 10 o’clock / in the morning.",Neetu have been,in the morning,since 10 o’clock,waiting for me,gk,1,Combined Graduate Level Examination,2023
Which of the following musicians is popular for his mastery over the musical instrument Sitar?,Ali Akbar Khan,Vilayat Khan,Bahadur Khan,Amjad Ali Khan,entertainment,1,Combined Graduate Level Examination,2023
"Which of the following countries was the host of AFC Women's Asia Cup
Football–2022?",Japan,Bangladesh,India,China,sports,3,Combined Graduate Level Examination,2023
What is the symbol of Tin?,Ti,Si,Sn,Ta,science,3,CHSL Tier 1,2019
What was the magnitude of the Indian Ocean Tsunami 2004?,8.9,9.1,8.6,7.4,gk,3,CHSL Tier 1,2019
New Delhi's Lotus Temple was designed by an architect from_.,UAE,Japan,Iran,Germany,gk,4,CHSL Tier 1,2019
When did the Sarkaria Commission submit its report?,1985,1984,1988,1986,history,0,CHSL Tier 1,2019
How many West African nations agreed to change the name of their common currency from‘CFA Franc’ to ‘Eco’ in December 2019?,7,8,5,6,current_affairs,2,CHSL Tier 1,2019
Which of the following divisions of plants does NOT have a well differentiated body?,Bryophyta,Thallophyta,Gymnosperms,Pteridophyta,science,2,CHSL Tier 1,2019
Bhatiali is the folk music of which of the following states?,Karnataka,Tamil Nadu,West Bengal,Kerala,gk,3,CHSL Tier 1,2019
Which of the following Articles of the Constitution of India has a provision for the Constitution of Legislatures in States?,167,165,163,168,politics,4,CHSL Tier 1,2019
"The F7 key is commonly used in Microsoft programs such as Microsoft Word, Outlook, etc.for:",renaming ﬁles and folders,checking spellings and grammar,opening help,searching content in various apps,tech,2,CHSL Tier 1,2019
What is the name of the ﬁrst crude oil pipeline constructed in India?,Mumbai High-Mumbai-Ankleshwar-Kayoli Pipeline,Naharkatia-Nunmati-Barauni Pipeline,Hajira-Bijapur-Jagdishpur (HBJ) Gas Pipeline,Kandla-Bhatinda Pipeline,gk,1,CHSL Tier 1,2019
"The famous Gupta period Dashavatara Temple, recognised as one of the earliest Panchayatan temples in north India, is located at:",Nachna-Kuthara,Bhitargaon,Tigawa,Deogarh,history,4,CHSL Tier 1,2019
What is the approximate speed of sound in distilled water at 25°C (77°F)?,1284 m/s,1598 m/s,3980 m/s,1498 m/s,science,3,CHSL Tier 1,2019
Which country is to train Indian ﬂight surgeons to enable them to monitor the health ofastronauts selected for the human space mission Gaganyaan?,USA,Russia,France,China,current_affairs,2,CHSL Tier 1,2019
"During the phenomenon of aphelion, the approximate distance between the earth and thesun is:",137 million km,147 million km,142 million km,152 million km,science,4,CHSL Tier 1,2019
"In the ﬁeld of computing, what does ENIAC stand for?",Electronic Numerical Integrator and Computer,Electronic Numerals Integration and Computing,Electronic Numbers Integration and Computer,Electronic Numerical Integrated Advanced Computer,tech,1,CHSL Tier 1,2019
The National Game of Bhutan is:,archery,taekwondo,wrestling,shooting,sports,1,CHSL Tier 1,2019
Who among the following took charge as the 39th President of the BCCI in October 2019?,Anurag Thakur,Sourav Ganguly,Sashank Manohar,CK Khanna,sports,3,CHSL Tier 1,2019
Miss Universe 2019 is the native of which of the following nations?,Jamaica,Australia,South Africa,France,entertainment,1,CHSL Tier 1,2019
"How many person(s) has/have been selected for the Rajiv Gandhi Khel Ratna Award, 2019?",1,3,2,4,sports,3,CHSL Tier 1,2019
Ethiopia’s ﬁrst satellite was launched from which Country's Space Station in December2019?,Russia,India,USA,China,current_affairs,2,CHSL Tier 1,2019
Which of the following sectors of the economy has the highest share in India's GDP?,Service,Industrial,Manufacturing,Agriculture,gk,1,CHSL Tier 1,2019
The novel ‘Chanakya’ which won the Sahitya Akademi Award in 2019 was in whichlanguage?,Hindi,Gujarati,Assamese,Bengali,entertainment,0,CHSL Tier 1,2019
Who was the founder of the City of Hyderabad?,Nasir Jung,Sekhabat Jung,Nizam-ul-Mulk,Salabat Jung,history,3,CHSL Tier 1,2019
Which of the following banks prints the currency notes in India?,Reserve Bank of India,NABARD,State Bank of India,ICICI Bank,gk,1,CHSL Tier 1,2019
Most of the atmospheric Ozone is found in which layer of atmosphere?,Stratosphere,Thermosphere,Mesosphere,Troposphere,science,1,CHSL Tier 1,2019
Which country is to train Indian ﬂight surgeons to enable them to monitor the health of astronauts selected for the human space mission Gaganyaan?,USA,Russia,France,China,current_affairs,2,CHSL Tier 1,2019
"During the phenomenon of aphelion, the approximate distance between the earth and the sun is:",137 million km,147 million km,142 million km,152 million km,science,4,CHSL Tier 1,2019
What is the full form of PROM?,Primary read-only memory,Programmable read-only memory,Program read-output memory,Program read-only memory,tech,2,CHSL Tier 1,2019
"On 30 October 2019, CBSE and NCERT, New Delhi developed an Aptitude Test for Senior School Students. What is the name of that test?",Udaan,Lakshya,Akanksha,Tamanna,current_affairs,2,CHSL Tier 1,2019
‘Mayurbhanj Chhau’ is a folk dance form of which state?,Odisha,Rajasthan,Maharashtra,Karnataka,entertainment,3,CHSL Tier 1,2019
Which sanctuary is famous for endangered Estuarine Crocodiles conservation in India?,"Bhitarkanika Wildlife Sanctuary, Odisha","Dandeli Wildlife Sanctuary, Karnataka","Chinnar Wildlife Sanctuary, Kerala",Indira Gandhi Wildlife Sanctuary,gk,3,CHSL Tier 1,2019
Garo-Khasi range is located in which Indian state?,Mizoram,Meghalaya,Sikkim,Odisha,gk,1,CHSL Tier 1,2019
Which Indian social activist and politician led the Self-Respect Movement or Dravidian Movement against Brahminism?,C Rajagopalachari,P Theagaraya Chetty,C Annadurai,Erode Venkatappa Ramasamy,politics,4,CHSL Tier 1,2019
Who threw a bomb in the central legislative assembly along with Bhagat Singh to protest against the Public Safety Bill in 1929?,Subhash Chandra Bose,Chandra Shekhar Azad,Rajguru,Batukeshwar Dutt,history,4,CHSL Tier 1,2019
Which of the following state's legislative assembly adopted a redesigned logo consisting of the National Emblem and the State flower - the Foxtail Orchid (Rhynchostylis Retusa) on 9 January 2020?,Kerala Legislative Assembly,Jharkhand Legislative Assembly,Chhattisgarh Legislative Assembly,Arunachal Pradesh Legislative Assembly,current_affairs,4,CHSL Tier 1,2019
"The December 1929 session of Congress, in which the resolution for 'Poorna Swaraj' was passed, was presided over by:",Vallabhbhai Patel,Jawaharlal Nehru,Subhash Chandra Bose,CR Das,history,2,CHSL Tier 1,2019
Who described the preamble of Indian Constitution as the 'Political horoscope of the Indian Constitution'?,Thakurdas Bhargav,Kanhaiyalal Maniklal Munshi,NA Palkhiwala,Bhimrao Ramji Ambedkar,politics,4,CHSL Tier 1,2019
"Which is the tallest waterfall of India with a height of 1,493 ft?","Meenmutty Falls, Kerala","Kunchikal Falls, Karnataka","Barkana Falls, Karnataka","Thalaiyar Falls, Tamil Nadu",gk,3,CHSL Tier 1,2019
In which year did UNESCO include Yoga in its Intangible Cultural Heritage list?,2016,2014,2018,2015,gk,1,CHSL Tier 1,2019
Which law states that the volume of an ideal gas at constant pressure is directly proportional to the absolute temperature?,Boyle's law,Charles's law,Avogadro's law,Joule's law,science,1,CHSL Tier 1,2019
"With reference to metals and their ores, which of the following pairs is INCORRECT?",Mercury (Hg) – Greenockite,Gold (Au) – Calaverite,Aluminium (Al) – Cryolite,Cobalt (Co) – Smelite,science,2,CHSL Tier 1,2019
Who was the first Asian player to win the Junior Wimbledon's Boys singles title?,Vijay Amritraj,Ramanathan Krishnan,Sumit Nagal,Mahesh Bhupathi,sports,3,CHSL Tier 1,2019
Who is the only Indian to have won the United Nations Award in the field of human rights?,Ela Bhatt,Kanshi Ram,Baba Amte,Verghese Kurien,gk,1,CHSL Tier 1,2019
Who won the ‘Most Valuable Player of the Series’ award in IPL 2019?,Shubman Gill,KL Rahul,Andre Russell,David Warner,sports,3,CHSL Tier 1,2019
How many districts of Uttar Pradesh started the second phase of Mission Indradhanush 2.0 at the block level on 7 January 2020?,25,30,35,40,health,1,CHSL Tier 1,2019
Which company was ranked as the largest profit making PSU in India for the fiscal year 2018-2019?,Power Finance Corporation,Power Grid Corporation,Indian Oil,Oil & Natural Gas Corporation,gk,4,CHSL Tier 1,2019
Which of the following eye disorders is known as ‘lazy eye’?,Presbyopia,Hypermetropia,Myopia,Amblyopia,health,1,CHSL Tier 1,2019
In which battle did Ahmad Shah Abdali defeat the Marathas?,Third battle of Panipat,Battle of Khanwa,Battle of Buxar,First battle of Tarain,history,2,CHSL Tier 1,2019
The novel 'Quichotte' was shortlisted for the ‘2019 Booker Prize’. Who is the author of this book?,Arundhati Roy,Salman Rushdie,Vikram Seth,Amitav Ghosh,entertainment,3,CHSL Tier 1,2019
Which river originates from Tibet and enters India through Arunachal Pradesh?,Brahmaputra River,Godavari River,Chambal River,Kaveri River,gk,1,CHSL Tier 1,2019
"On August 2019, Rambir Singh Khokhar won the ‘Dronacharya award’ in the lifetime category for his contribution in_____.",Boxing,Football,Hockey,Kabaddi,sports,4,CHSL Tier 1,2019
Who is known as the ‘Father of Public Sector Undertakings’ in India?,Ashok Desai,Prasanta Chandra Mahalanobis,V Krishnamurthy,Sashi Sivramkrishna,gk,1,CHSL Tier 1,2019
What was the magnitude of the Indian Ocean Tsunami 2004?Ans,8.9,9.1,8.6,7.4,gk,3,CHSL Tier 1,2019
Which of the following divisions of plants does NOT have a well differentiated body?Ans,Bryophyta,Thallophyta,Gymnosperms,Pteridophyta,science,2,CHSL Tier 1,2019
Bhatiali is the folk music of which of the following states?Ans,Karnataka,Tamil Nadu,West Bengal,Kerala,entertainment,3,CHSL Tier 1,2019
What is the name of the ﬁrst crude oil pipeline constructed in India?Ans,Mumbai High-Mumbai-Ankleshwar-Kayoli Pipeline,Naharkatia-Nunmati-Barauni Pipeline,Hajira-Bijapur-Jagdishpur (HBJ) Gas Pipeline,Kandla-Bhatinda Pipeline,gk,1,CHSL Tier 1,2019
What is the approximate speed of sound in distilled water at 25°C (77°F)?Ans,1284 m/s,1598 m/s,3980 m/s,1498 m/s,science,3,CHSL Tier 1,2019
Who among the following took charge as the 39th President of the BCCI in October 2019?Ans,Anurag Thakur,Sourav Ganguly,Sashank Manohar,CK Khanna,sports,3,CHSL Tier 1,2019
Miss Universe 2019 is the native of which of the following nations?Ans,Jamaica,Australia,South Africa,France,entertainment,1,CHSL Tier 1,2019
Which of the following sectors of the economy has the highest share in India's GDP?Ans,Service,Industrial,Manufacturing,Agriculture,gk,1,CHSL Tier 1,2019
Who was the founder of the City of Hyderabad?Ans,Nasir Jung,Sekhabat Jung,Nizam-ul-Mulk,Salabat Jung,history,3,CHSL Tier 1,2019
Which of the following banks prints the currency notes in India?Ans,Reserve Bank of India,NABARD,State Bank of India,ICICI Bank,gk,1,CHSL Tier 1,2019
Most of the atmospheric Ozone is found in which layer of atmosphere?Ans,Stratosphere,Thermosphere,Mesosphere,Troposphere,science,1,CHSL Tier 1,2019
Which of the following companies was conferred with Maharatna status in October 2019?Ans,Hindustan Petroleum Corporation Limited,GAIL (India) Limited,Bharat Petroleum Corporation Limited,Steel Authority of India limited,gk,1,CHSL Tier 1,2019
Which Chola ruler was popularly called ‘Victor of the Ganges’?Ans,Vijayalaya Chola,Gandaraditya Chola,Parantaka Chola I,Rajendra Chola I,history,2,CHSL Tier 1,2019
In which year did the JavaScript Programming language come into existence?Ans,1999,2000,1995,1990,tech,3,CHSL Tier 1,2019
When was the ﬁrst Constituent Assembly election held in India?Ans,1949,1946,1947,1948,history,1,CHSL Tier 1,2019
Which Indian banknote released in November 2016 features Mangalyaan on the reverseside?,₹500,"₹2,000",₹200,₹100,gk,2,CHSL Tier 1,2019
India shares its land boundaries with which countries in the east?Ans,"China, Nepal and Bhutan",Bhutan and Afghanistan,Myanmar and Bangladesh,Pakistan and Afghanistan,gk,1,CHSL Tier 1,2019
Which function key displays the Print Preview window in Microsoft Oﬃce?Ans,Alt + Ctrl + F2,Alt + F2,Shift + F2,Ctrl + F2,tech,4,CHSL Tier 1,2019
"Which famous personality said the following?
“Don't take rest after your ﬁrst victory because if you fail in second, more lips are waiting tosay that your ﬁrst victory was just luck?”",APJ Abdul Kalam,Amartya Sen,Homi Bhabha,Atal Bihari Vajpayee,gk,3,CHSL Tier 1,2019
The Maharaja Ranjit Singh Gold Cup is associated with_ _.,Polo,Hockey,Cricket,Football,sports,2,CHSL Tier 1,2019
In which state was the 8th edition of the India-China joint training exercise 'Hand-in-Hand2019’ held?,Meghalaya,Maharashtra,Manipur,Kerala,current_affairs,4,CHSL Tier 1,2019
Which former Indian cricketer was honored with the ‘Bharat Gaurav Award’ by the EastBengal Football Club in 2019?,Sachin Tendulkar,Kapil Dev,Rahul Dravid,Sunil Gavaskar,sports,4,CHSL Tier 1,2019
‘Sattriya’ is a traditional Hindu classical dance form of which state?Ans,Odisha,Assam,Manipur,Goa,entertainment,2,CHSL Tier 1,2019
Which Indian writer was awarded the ‘Rabindranath Tagore Literary Prize 2019’?Ans,Shashi Tharoor,Ramachandra Guha,Rana Dasgupta,Arundhati Roy,entertainment,3,CHSL Tier 1,2019
Which governor general of India abolished Sati system in 1829 by declaring it an offence?Ans,Lord Dalhousie,Lord Cornwallis,Lord Wellesley,Lord William Bentinck,history,4,CHSL Tier 1,2019
Cinnabar (HgS) is an ore of which metal?Ans,Aluminum,Mercury,Gold,Silver,science,2,CHSL Tier 1,2019
When was the Backward and Minority Communities Employees Federation (BAMCEF) established in India?,1980,1978,1979,1982,history,2,CHSL Tier 1,2019
Ethiopia’s ﬁrst satellite was launched from which Country's Space Station inDecember2019?,Russia,India,USA,China,science,2,CHSL Tier 1,2019
Who was the founder of the City ofHyderabad?,Nasir Jung,Sekhabat Jung,Nizam-ul-Mulk,Salabat Jung,history,3,CHSL Tier 1,2019
Which of the following banks prints the currency notes inIndia?,Reserve Bank of India,NABARD,State Bank of India,ICICI Bank,gk,1,CHSL Tier 1,2019
Most of the atmospheric Ozone is found in which layer ofatmosphere?,Stratosphere,Thermosphere,Mesosphere,Troposphere,science,1,CHSL Tier 1,2019
"On 30 October 2019, CBSE and NCERT, New Delhi developed an Aptitude Test for SeniorSchool Students. What is the name of that test?",Udaan,Lakshya,Akanksha,Tamanna,gk,2,CHSL Tier 1,2019
Which Indian social activist and politician led the Self-Respect Movement or DravidianMovement against Brahminism?,C Rajagopalachari,P Theagaraya Chetty,C Annadurai,Erode Venkatappa Ramasamy,history,4,CHSL Tier 1,2019
Who threw a bomb in the central legislative assembly along with Bhagat Singh to protestagainst the Public Safety Bill in 1929?,Subhash Chandra Bose,Chandra Shekhar Azad,Rajguru,Batukeshwar Dutt,history,4,CHSL Tier 1,2019
Which of the following state's legislative assembly adopted a redesigned logo consisting ofthe National Emblem and the State flower - the Foxtail Orchid (Rhynchostylis Retusa) on 9January 2020?,Kerala Legislative Assembly,Jharkhand Legislative Assembly,Chhattisgarh Legislative Assembly,Arunachal Pradesh Legislative Assembly,politics,4,CHSL Tier 1,2019
"The December 1929 session of Congress, in which the resolution for 'Poorna Swaraj' waspassed, was presided over by:",Vallabhbhai Patel,Jawaharlal Nehru,Subhash Chandra Bose,CR Das,history,2,CHSL Tier 1,2019
Who described the preamble of Indian Constitution as the 'Political horoscope of the IndianConstitution'?,Thakurdas Bhargav,Kanhaiyalal Maniklal Munshi,NA Palkhiwala,Bhimrao Ramji Ambedkar,politics,2,CHSL Tier 1,2019
Which law states that the volume of an ideal gas at constant pressure is directlyproportional to the absolute temperature?,Boyle's law,Charles's law,Avogadro's law,Joule's law,science,2,CHSL Tier 1,2019
How many districts of Uttar Pradesh started the second phase of Mission Indradhanush 2.0at the block level on 7 January 2020?,25,30,35,40,current_affairs,3,CHSL Tier 1,2019
Which company was ranked as the largest profit making PSU in India for the fiscal year2018-2019?,Power Finance Corporation,Power Grid Corporation,Indian Oil,Oil & Natural Gas Corporation,gk,4,CHSL Tier 1,2019
The novel 'Quichotte' was shortlisted for the ‘2019 Booker Prize’. Who is the author of thisbook?,Arundhati Roy,Salman Rushdie,Vikram Seth,Amitav Ghosh,entertainment,2,CHSL Tier 1,2019
"On August 2019, Rambir Singh Khokhar won the ‘Dronacharya award’ in the lifetimecategory for his contribution in_____.",Boxing,Football,Hockey,Kabaddi,sports,4,CHSL Tier 1,2019
The rising prices of essential food items have placed an weighty burden on the poor.,No improvement,lightest,enormous,trivial,gk,3,CHSL Tier 1,2019
Which of the following companies was conferred with Maharatna status in October 2019?,Hindustan Petroleum Corporation Limited,GAIL (India) Limited,Bharat Petroleum Corporation Limited,Steel Authority of India limited,current_affairs,1,CHSL Tier 1,2019
Which Chola ruler was popularly called ‘Victor of the Ganges’?,Vijayalaya Chola,Gandaraditya Chola,Parantaka Chola I,Rajendra Chola I,history,4,CHSL Tier 1,2019
In which year did the JavaScript Programming language come into existence?,1999,2000,1995,1990,tech,3,CHSL Tier 1,2019
When was the ﬁrst Constituent Assembly election held in India?,1949,1946,1947,1948,history,2,CHSL Tier 1,2019
India shares its land boundaries with which countries in the east?,"China, Nepal and Bhutan",Bhutan and Afghanistan,Myanmar and Bangladesh,Pakistan and Afghanistan,gk,3,CHSL Tier 1,2019
Which function key displays the Print Preview window in Microsoft Oﬃce?,Alt + Ctrl + F2,Alt + F2,Shift + F2,Ctrl + F2,tech,4,CHSL Tier 1,2019
How many agro-climatic zones (ACZ) are characterised by the Planning Commission ofIndia?,20,10,15,30,gk,1,CHSL Tier 1,2019
"Which famous personality said the following? “Don't take rest after your ﬁrst victory because if you fail in second, more lips are waiting tosay that your ﬁrst victory was just luck?”",APJ Abdul Kalam,Amartya Sen,Homi Bhabha,Atal Bihari Vajpayee,gk,1,CHSL Tier 1,2019
What is the mission life of the Cartosat-3 satellite launched by PSLV C-47 on 27 November2019?,5 years,4 years,3 years,2 years,science,1,CHSL Tier 1,2019
‘Sattriya’ is a traditional Hindu classical dance form of which state?,Odisha,Assam,Manipur,Goa,entertainment,2,CHSL Tier 1,2019
Which Indian writer was awarded the ‘Rabindranath Tagore Literary Prize 2019’?,Shashi Tharoor,Ramachandra Guha,Rana Dasgupta,Arundhati Roy,entertainment,3,CHSL Tier 1,2019
Which governor general of India abolished Sati system in 1829 by declaring it an offence?,Lord Dalhousie,Lord Cornwallis,Lord Wellesley,Lord William Bentinck,history,4,CHSL Tier 1,2019
"As per ‘India State of Forest Report 2019’, which state secured ﬁrst position for the highestgrowth in forest area in the country?",Karnataka,Andhra Pradesh,Madhya Pradesh,Odisha,gk,3,CHSL Tier 1,2019
Who was conferred with the ‘Female Sportsperson of the Year’ award at the ‘FICCI IndiaSports Awards 2019’?,Mary Kom,Rani Rampal,PV Sindhu,Geeta Phogat,sports,3,CHSL Tier 1,2019
Cinnabar (HgS) is an ore of which metal?,Aluminum,Mercury,Gold,Silver,science,2,CHSL Tier 1,2019
Using right and left hand equally well,Unskilled,Inexpert,Ambidextrous,Left-handed,gk,3,CHSL Tier 1,2019
Ethiopia’s ﬁrst satellite was launched from which Country's Space Station in December 2019?,Russia,India,USA,China,tech,2,CHSL Tier 1,2019
"What was the magnitude of the Indian Ocean Tsunami
2004?",8.9,9.1,8.6,7.4,gk,3,CHSL Tier 1,2019
"When did the Sarkaria Commission submit its
report?",1985,1984,1988,1986,politics,3,CHSL Tier 1,2019
"How many West African nations agreed to change the name of their common
currency from‘CFA Franc’ to ‘Eco’ in December 2019?",7,8,5,6,current_affairs,2,CHSL Tier 1,2019
"Which of the following divisions of plants does NOT have a well differentiated
body?",Bryophyta,Thallophyta,Gymnosperms,Pteridophyta,science,2,CHSL Tier 1,2019
"Bhatiali is the folk music of which of the following
states?",Karnataka,Tamil Nadu,West Bengal,Kerala,entertainment,3,CHSL Tier 1,2019
"Which of the following Articles of the Constitution of India has a provision for the
Constitution of Legislatures in States?",167,165,163,168,politics,4,CHSL Tier 1,2019
"The F7 key is commonly used in Microsoft programs such as Microsoft Word, Outlook,
etc.for:",renaming ﬁles and folders,checking spellings and grammar,opening help,searching content in various apps,tech,2,CHSL Tier 1,2019
"What is the name of the ﬁrst crude oil pipeline constructed in
India?",Mumbai High-Mumbai-Ankleshwar-Kayoli Pipeline,Naharkatia-Nunmati-Barauni Pipeline,Hajira-Bijapur-Jagdishpur (HBJ) Gas Pipeline,Kandla-Bhatinda Pipeline,gk,1,CHSL Tier 1,2019
"The famous Gupta period Dashavatara Temple, recognised as one of the earliest
Panchayatan temples in north India, is located at:",Nachna-Kuthara,Bhitargaon,Tigawa,Deogarh,history,4,CHSL Tier 1,2019
"What is the approximate speed of sound in distilled water at 25°C
(77°F)?",1284 m/s,1598 m/s,3980 m/s,1498 m/s,science,3,CHSL Tier 1,2019
"Which country is to train Indian ﬂight surgeons to enable them to monitor the health
ofastronauts selected for the human space mission Gaganyaan?",USA,Russia,France,China,science,0,CHSL Tier 1,2019
"During the phenomenon of aphelion, the approximate distance between the earth
and thesun is:",137 million km,147 million km,142 million km,152 million km,science,4,CHSL Tier 1,2019
"In the ﬁeld of computing, what does ENIAC stand
for?","Electronic Numerical Integrator and
Computer",Electronic Numerals Integration and Computing,Electronic Numbers Integration and Computer,Electronic Numerical Integrated Advanced Computer,tech,1,CHSL Tier 1,2019
"Who among the following took charge as the 39th President of the BCCI in October
2019?",Anurag Thakur,Sourav Ganguly,Sashank Manohar,CK Khanna,sports,3,CHSL Tier 1,2019
"Miss Universe 2019 is the native of which of the following
nations?",Jamaica,Australia,South Africa,France,entertainment,1,CHSL Tier 1,2019
"How many person(s) has/have been selected for the Rajiv Gandhi Khel Ratna Award,
2019?",1,3,2,4,sports,3,CHSL Tier 1,2019
"Ethiopia’s ﬁrst satellite was launched from which Country's Space Station in
December2019?",Russia,India,USA,China,tech,2,CHSL Tier 1,2019
"Which of the following sectors of the economy has the highest share in India's
GDP?",Service,Industrial,Manufacturing,Agriculture,gk,1,CHSL Tier 1,2019
"The novel ‘Chanakya’ which won the Sahitya Akademi Award in 2019 was in
whichlanguage?",Hindi,Gujarati,Assamese,Bengali,entertainment,0,CHSL Tier 1,2019
"Who was the founder of the City of
Hyderabad?",Nasir Jung,Sekhabat Jung,Nizam-ul-Mulk,Salabat Jung,history,3,CHSL Tier 1,2019
"Which of the following banks prints the currency notes in
India?",Reserve Bank of India,NABARD,State Bank of India,ICICI Bank,gk,1,CHSL Tier 1,2019
"Most of the atmospheric Ozone is found in which layer of
atmosphere?",Stratosphere,Thermosphere,Mesosphere,Troposphere,science,1,CHSL Tier 1,2019
"On 30 October 2019, CBSE and NCERT, New Delhi developed an Aptitude Test for Senior
School Students. What is the name of that test?",Udaan,Lakshya,Akanksha,Tamanna,current_affairs,4,CHSL Tier 1,2019
"Which Indian social activist and politician led the Self-Respect Movement or Dravidian
Movement against Brahminism?",C Rajagopalachari,P Theagaraya Chetty,C Annadurai,Erode Venkatappa Ramasamy,history,4,CHSL Tier 1,2019
"Who threw a bomb in the central legislative assembly along with Bhagat Singh to protest
against the Public Safety Bill in 1929?",Subhash Chandra Bose,Chandra Shekhar Azad,Rajguru,Batukeshwar Dutt,history,4,CHSL Tier 1,2019
"Which of the following state's legislative assembly adopted a redesigned logo consisting of
the National Emblem and the State flower - the Foxtail Orchid (Rhynchostylis Retusa) on 9
January 2020?",Kerala Legislative Assembly,Jharkhand Legislative Assembly,Chhattisgarh Legislative Assembly,Arunachal Pradesh Legislative Assembly,politics,4,CHSL Tier 1,2019
"The December 1929 session of Congress, in which the resolution for 'Poorna Swaraj' was
passed, was presided over by:",Vallabhbhai Patel,Jawaharlal Nehru,Subhash Chandra Bose,CR Das,history,2,CHSL Tier 1,2019
"Who described the preamble of Indian Constitution as the 'Political horoscope of the Indian
Constitution'?",Thakurdas Bhargav,Kanhaiyalal Maniklal Munshi,NA Palkhiwala,Bhimrao Ramji Ambedkar,politics,2,CHSL Tier 1,2019
"Which law states that the volume of an ideal gas at constant pressure is directly
proportional to the absolute temperature?",Boyle's law,Charles's law,Avogadro's law,Joule's law,science,2,CHSL Tier 1,2019
"How many districts of Uttar Pradesh started the second phase of Mission Indradhanush 2.0
at the block level on 7 January 2020?",25,30,35,40,current_affairs,3,CHSL Tier 1,2019
"Which company was ranked as the largest profit making PSU in India for the fiscal year
2018-2019?",Power Finance Corporation,Power Grid Corporation,Indian Oil,Oil & Natural Gas Corporation,gk,4,CHSL Tier 1,2019
"The novel 'Quichotte' was shortlisted for the ‘2019 Booker Prize’. Who is the author of this
book?",Arundhati Roy,Salman Rushdie,Vikram Seth,Amitav Ghosh,entertainment,2,CHSL Tier 1,2019
"On August 2019, Rambir Singh Khokhar won the ‘Dronacharya award’ in the lifetime
category for his contribution in_____.",Boxing,Football,Hockey,Kabaddi,sports,4,CHSL Tier 1,2019
How many times did Pankaj Advani win the ‘IBSF World Billiards Championship’?,22,21,24,20,sports,0,CHSL Tier 1,2019
"In a computer, which unit is responsible for processing data and is also called the electronic brain of the computer?",Hard Disk,Central Processing Unit (CPU),RAM,Keyboard,tech,1,CHSL Tier 1,2019
On which day is Constitution Day celebrated every year in India?,2 October,30 November,15 October,26 November,gk,3,CHSL Tier 1,2019
In which year were the ‘Kalbelia’ folk songs and dances of Rajasthan included in UNESCO’s representative list of Intangible Cultural Heritage?,2010,2017,2012,2015,gk,0,CHSL Tier 1,2019
Which article of the Constitution of India mentions that the Lok Sabha must have a Speaker and a Deputy Speaker?,Article 93,Article 85,Article 97,Article 100,politics,0,CHSL Tier 1,2019
‘Saga Dawa’ is one of the biggest Buddhist festivals. In which one of the following states is it celebrated?,Odisha,Kerala,Sikkim,Jharkhand,gk,2,CHSL Tier 1,2019
Which of the following is INCORRECTLY paired?,Demography – Population geography,Anthropology – Cultural geography,Hydrology – Oceanography,Pedology – Phyto geography,gk,3,CHSL Tier 1,2019
Who introduced the 'Doctrine of Lapse'?,Lord Lytton,Lord Dalhousie,Lord Wellesley,Lord Canning,history,1,CHSL Tier 1,2019
Who founded the Indian Statistical Institute (ISI) in Calcutta?,JM Sengupta,Subhendu Sekhar Bose,RN Mookerjee,Prasanta Chandra Mahalanobis,gk,3,CHSL Tier 1,2019
Which forest is also referred to as ‘Monsoon Forests’?,Montane Forests,Tropical Deciduous Forests,Tropical Evergreen Forests,Mangrove Forests,gk,2,CHSL Tier 1,2019
The Atrial wall of the human heart secretes a very important peptide hormone. What is the name of that hormone?,ANF,GIP,CCK,ADH,science,0,CHSL Tier 1,2019
In which process is a protective zinc coating applied on iron to prevent it from rusting?,Galvanisation,Annealing,Smelting,Welding,science,0,CHSL Tier 1,2019
Who became the first player in history to win the ‘Sir Garfield Sobers Trophy’ for ‘ICC Cricketer of the Year’?,Ravichandran Ashwin,Mahendra Singh Dhoni,Virat Kohli,Sachin Tendulkar,sports,0,CHSL Tier 1,2019
What disease is caused by insulin deficiency?,Scleroderma,Multiple Sclerosis,Rheumatoid arthritis (RA),Diabetes mellitus,health,3,CHSL Tier 1,2019
Which Indian actress was chosen for the ‘2020 Crystal Award’ given by the World Economic Forum for spreading awareness about mental health?,Deepika Padukone,Priyanka Chopra,Vidya Balan,Kangana Ranaut,entertainment,0,CHSL Tier 1,2019
With which of the following sports is Bhamidipati Sai Praneeth associated?,Cricket,Badminton,Hockey,Tennis,sports,1,CHSL Tier 1,2019
Which of the following Bollywood veterans was chosen for the 66th Dadasaheb Phalke Award for 2018?,Ashutosh Rana,Shatrughan Sinha,Nana Patekar,Amitabh Bachchan,entertainment,3,CHSL Tier 1,2019
"In the context of the mesosphere, which of the following statements is NOT correct?",It is directly above the stratosphere.,It is the third layer of the atmosphere.,Meteorites burn up in this layer on entering from the space.,In this layer temperature rises very rapidly with increasing height.,science,3,CHSL Tier 1,2019
Which of the following companies was chosen for the UN Global Climate Action Award in the ‘Carbon Neutral Now’ category in September 2019?,Reliance Health,Infosys,Wipro,Organic India,current_affairs,1,CHSL Tier 1,2019
Which is the second largest river basin in India that covers 10% of the country’s area?,Krishna,Narmada,Mahanadi,Godavari,gk,3,CHSL Tier 1,2019
"On 2 December 2019, who became the first female pilot of the Indian Navy?",Bhawana Kanth,Sarla Thakral,Punita Arora,Shivangi,current_affairs,3,CHSL Tier 1,2019
What is the range of the intensity scale used in measuring earthquakes?,1 to 12,1 to 7,1 to 15,1 to 5,science,0,CHSL Tier 1,2019
"According to the Economist Intelligence Unit (EIU), what is India’s rank in the 2019 worldwide Index of Cancer Preparedness (ICP)?",15,19,28,10,current_affairs,1,CHSL Tier 1,2019
Who was best known for hoisting the Indian National Congress flag at the Gowalia Tank maidan in Bombay during the Quit India Movement?,Aruna Asaf Ali,Kanaklata Barua,Bhikaiji Rustom Cama,Lakshmi Sahgal,history,0,CHSL Tier 1,2019
‘Aatish-i-Chinar’ (Flames of Chinar) is the autobiography of which politician?,Sheikh Muhammad Abdullah,Benazir Bhutto,M Hidyatullah,APJ Abdul Kalam,politics,0,CHSL Tier 1,2019
The Earth has been divided into many time zones. How many degrees does each time zone covers?,10 degrees,15 degrees,20 degrees,24 degrees,gk,2,CHSL Exam Tier I,2022
Pandit Ram Narayan is a Hindustani Classical musician who plays ______.,Sarangi,Tabla,Flute,Harmonium,entertainment,1,CHSL Exam Tier I,2022
Union Home Minister Amit Shah unveiled 14 feet high statue of Lok Nayak Jayprakash Narayan in ______ in October 2022.,Maharashtra,Jharkhand,Bihar,West Bengal,current_affairs,3,CHSL Exam Tier I,2022
The first woman to win the Dronacharya Award was weightlifting coach ______ in 2000.,Hansa Sharma,Renu Kohli,Sunita Sharma,Purnima Mahato,sports,3,CHSL Exam Tier I,2022
"Which of the following statements is correct?
I. Death rate in India is 7.2 per 1000 in 2011.
II. Life expectancy at birth is 72.6 years in 2012.",Both I and II,Neither I nor II,Only II,Only I,gk,2,CHSL Exam Tier I,2022
"When lead nitrate is heated, then which of the following gases is produced?",Nitrogen dioxide,Lead oxide,Nitrogen oxide,Lead dioxide,science,1,CHSL Exam Tier I,2022
What are hardware devices that retrieves data from a computer system and further translates the received data into a form understandable to humans?,Storage Devices,Processor,Input Devices,Output Devices,tech,2,CHSL Exam Tier I,2022
In which year was Battle of Peshawar fought between Raja Jayapal and Mahmud Ghazni?,1112,1305,1001,1258,history,1,CHSL Exam Tier I,2022
Which of the following Constitution Amendment Act made the Right to education a Fundamental Right under article 21 A of the Indian constitution?,"89th Amendment Act, 2003","19th Amendment Act, 1966","86th Amendment Act, 2002","91st Amendment Act, 2003",politics,3,CHSL Exam Tier I,2022
Which of the following shortcut key is used to make the contents of a cell italic in MS-Excel 365?,Ctrl + 4,Ctrl + 3,Ctrl + 6,Ctrl + 2,tech,2,CHSL Exam Tier I,2022
Which country will host the 2024 Summer Olympic Games?,Germany,France,Switzerland,England,sports,2,CHSL Exam Tier I,2022
Which of the following sports was NOT played at Tokyo Olympics 2020 held in 2021?,Mallakhamba,Table Tennis,Volleyball,Fencing,sports,1,CHSL Exam Tier I,2022
Who of the following person wrote a book named Kitab-ul-Hind?,Antara Ibn Shaddad,Zuhayr ibn Abi Sulma,Imru' al-Qais,Al-Biruni,history,4,CHSL Exam Tier I,2022
"What is the official language of Bhutan, a neighbouring country of India?",Kyat,Yuan,Ngultrum,Dzongkha,gk,4,CHSL Exam Tier I,2022
The monetary policy instrument called ‘bank rate’ is aligned to ______.,Cash Reserve ratio,Liquidity adjustment facility,Discount rate,Marginal standing facility rate,gk,3,CHSL Exam Tier I,2022
"The simultaneous shifts of both the demand curve and the supply curve can happen in which of the following ways?
I. Supply curve shifts leftward and demand curve shifts rightward.
II. Both supply and demand curves shift leftwards.
III. Supply curve shifts rightward and demand curve shifts leftward.","I, II and III",II and III,I and II,Only I,gk,1,CHSL Exam Tier I,2022
Which state hosted the 36th National Games in the year 2022?,Goa,Maharashtra,Madhya Pradesh,Gujarat,sports,4,CHSL Exam Tier I,2022
Which amendment in the Indian constitution is related to extension of jurisdiction of High Courts to Union territories?,9th Amendment,7th Amendment,13th Amendment,1st Amendment,politics,2,CHSL Exam Tier I,2022
Bharatanatyam is a classical dance of ____________ in southern India.,Kerala,Karnataka,Andhra Pradesh,Tamil Nadu,entertainment,4,CHSL Exam Tier I,2022
"In which month, Hiroshima Day is observed across the world?",August,July,January,October,gk,1,CHSL Exam Tier I,2022
ISRO successfully launched the communication satellite GSAT-24 from _____.,Kourou in French Guiana,Berlin in Germany,Moscow in Russia,Chicago in US,science,1,CHSL Exam Tier I,2022
Dhupgarh peak is the highest point of which of the following States of India?,Jharkhand,Chhattisgarh,Madhya Pradesh,Uttar Pradesh,gk,3,CHSL Exam Tier I,2022
______ percent can be taken as the average value for the amount of organic matter that is present at each step of food chain and reaches the next level of consumers.,5,10,20,2,science,2,CHSL Exam Tier I,2022
“SOVA Virus” which is recently seen in the news is a ______.,variant of monkey virus,variant of covid-19,virus found in cattle,malware,tech,4,CHSL Exam Tier I,2022
"Which of the following is correct regarding the respiration?
I. Regular traditional breathing exercise (pranayama) can increase the capacity of lungs to take in more air.
II. During inhalation, ribs move up and outwards and diaphragm moves down.",Only I,Only II,Neither I nor II,Both I and II,science,4,CHSL Exam Tier I,2022
Where does Alaknanda River join Bhagirathi River in India?,Devprayag,Prayagraj,Champawat,Dehradun,gk,1,CHSL Exam Tier I,2022
Indian Standard Time (IST) is ahead of Greenwich Mean Time (GMT) by ______.,3 hours 45 minutes,7 hours 15 minutes,2 hours,5 hours 30 minutes,gk,4,CHSL Exam Tier I,2022
Who is the author of the book ‘Languages of Truth: Essays 2003-2020’?,Vikram Sampath,Salman Rushdie,Kabir Bedi,Meghan Markale,entertainment,2,CHSL Exam Tier I,2022
"Cotton requires ______ temperature, light rainfall or irrigation, ______ frost-free days and bright sun-shine for its growth.","high, 210","low, 150","low, 210","high, 150",gk,4,CHSL Exam Tier I,2022
Muscles are of three types. Which of the following is NOT one of them?,Sesamoids,Smooth,Cardiac,Skeletal,science,1,CHSL Exam Tier I,2022
Who among the following is famously called the Iron Lady of India?,Mary Kom,Deepika Padukone,Lata Mangeshkar,Indira Gandhi,history,4,CHSL Exam Tier I,2022
Which of the following rivers flowed through Magadha?,Ganga and Krishna,Krishna and Tungabhadra,Ganga and Son,Narmada and Tapi,history,3,CHSL Exam Tier I,2022
"Draft “Drug, Medical Devices and Cosmetics Bill-2022” has been released by which union ministry?",Ministry of Health and Family Welfare,Ministry of Chemicals and Fertilizers,"Ministry of Consumer Affairs, Food & Public Distribution",Ministry of Agriculture and Farmer Welfare,current_affairs,2,CHSL Exam Tier I,2022
Neel wants to use a Character Printer. Which among the following should he pick?,Chain Printer,Laser Printer,Drum Printer,Dot Matrix Printer,tech,1,CHSL Exam Tier I,2022
______ forces water through a semipermeable membrane and removes contaminants.,Boiling,Distillation,Reverse Osmosis,Filtration,science,4,CHSL Exam Tier I,2022
______ is a legal declaration of a person who is unable to pay off debts.,Bankruptcy,Credit Crunch,Amortisation,Bancassurance,gk,1,CHSL Exam Tier I,2022
______ is the physical network of computers all over the world.,Laptop,Web browser,Server,Internet,tech,4,CHSL Exam Tier I,2022
Who was the first Indian woman to be appointed Chief Justice of a state High Court?,Leila Seth,Anna Chandy,M. Fathima Beevi,Kiran Mazumdar-Shaw,gk,1,CHSL Exam Tier I,2022
The most distinctive type of folk songs of Assam are ______.,Qawwali songs,Bihu songs,Teej songs,Bhuta songs,entertainment,2,CHSL Exam Tier I,2022
Which article of the Indian constitution specifies equality before the law?,Article 19,Article 23,Article 14,Article 36,politics,3,CHSL Exam Tier I,2022
In which year was the Special Marriage Act passed in India?,1958,1954,1962,1950,history,1,CHSL Exam Tier I,2022
"Which of the following statements is correct regarding the government securities in the economy?
I. It is a tradeable instrument issued by the Central Government or the State Governments.
II. They are called risk-free gilt-edged instruments.",Neither I nor II,Only I,Only II,Both I and II,gk,4,CHSL Exam Tier I,2022
"Ůांतीयˢायȅताशुŝ करनेकेिलएभारतकीिŰिटशसरकारȪाराकौनसाअिधिनयमपाįरतिकया
गयाथा?",1892 काभारतीयपįरषदअिधिनयम,1935 काभारतसरकारअिधिनयम,1853 काचाटŊरअिधिनयम,1947 काभारतीयˢतंũताअिधिनयम,history,4,CHSL Exam Tier I,2022
"Which of the following pairs of ""medal – player"" is correct regarding performance of India in 2022 Commonwealth Games?
I. Sanket Sargar – Bronze
II. Mirabai Chanu – Gold",Only II,Both I and II,Only I,Neither I nor II,sports,1,CHSL Exam Tier I,2022
The withdrawal of the monsoon begins in ______ states of India by early September.,south-eastern,north-eastern,south-western,north-western,gk,4,CHSL Exam Tier I,2022
Who won a bronze medal in Weightlifting at the 2000 Summer Olympics in Sydney?,Mirabai Chanu,Neelam Setti Laxmi,Karnam Malleswari,Kunjarani Devi,sports,3,CHSL Exam Tier I,2022
Which among the following is the monsoon mud festival of Goa?,Sarhul,Karma,chikal kalo,Ladainha,entertainment,3,CHSL Exam Tier I,2022
"Which of the following pair of ""term – sports"" is NOT correct?
I. Penalty kick – Handball
II. Greco Roman – Boxing",Neither I nor II,Both I and II,Only II,Only I,sports,4,CHSL Exam Tier I,2022
Rahul is suffering from Beriberi. What deficiency he has?,Vitamin B1,Vitamin C,Vitamin A,Vitamin K,health,1,CHSL Exam Tier I,2022
"In March 2022, evacuation operation to bring Indian citizens from Ukraine was called as ______.",Operation Devi Shakti,Operation Maitri,Operation Vande Bharat,Operation Ganga,current_affairs,4,CHSL Exam Tier I,2022
Who won the Best Actress in Leading Role award in the 75th BAFTA Award ceremony?,Jennifer Lawrence,Kate Winslet,Joanna Scanlan,Gigi Hadid,entertainment,2,CHSL Exam Tier I,2022
"Considering the five-year plans of India, which of the following is correct matched?
I. Rolling Plan – Introduced before Sixth Five-Year Plan
II. Mahalanobis Plan – Second Five-Year Plan",Only I,Both I and II,Only II,Neither I nor II,gk,3,CHSL Exam Tier I,2022
"Which among the following teams won the SAFF (South Asian Football Federation)
Championship Women 2022?",Nepal,Pakistan,India,Bangladesh,sports,4,CHSL Exam Tier I,2022
Hawa Mahal is situated in which city?,Jaipur,Jodhpur,Udaipur,Alwar,gk,1,CHSL Exam Tier I,2022
Who among the following is the Union Minister for Tribal Affairs as on October 2022?,Arjun Munda,Virendra Kumar,Piyush Goyal,Pralhad Joshi,politics,1,CHSL Exam Tier I,2022
"Who wrote the ""Harshacharita"", a biography of Harshavardhana?",Banabhatta,Harisena,Ravikirti,Xuan Zang,history,1,CHSL Exam Tier I,2022
"What is an output device that transform the signal from the computer's sound card
into audio?",Speaker,Plotter,Graphics card,Monitor,tech,1,CHSL Exam Tier I,2022
"Which of the following pairs of ""term – sports"" is correct?
I. Offside – Football
II. Par – Golf",Only II,Both I and II,Neither I nor II,Only I,sports,4,CHSL Exam Tier I,2022
"Which Union Ministry implements the “Saksham Anganwadi and Poshan 2.0”
scheme?","Ministry of Consumer Affairs, Food & Public Distribution",Ministry of Health and Family welfare,Ministry of Women and Child Development,Ministry of Agriculture & Farmers Welfare,politics,3,CHSL Exam Tier I,2022
"Plant cells differ from animal cells in having an additional layer around the cell
membrane termed as __________.",Cytoplasm,Vacuole,Cell wall,Chloroplast,science,3,CHSL Exam Tier I,2022
Which among the following is not an example of the 4th Generation of Computer?,Apple II,TRS-80,ICL 2900,STAR 1000,tech,4,CHSL Exam Tier I,2022
Tapi river basin extends over the state of ______.,Chhattisgarh,Tamil Nadu,Karnataka,Maharashtra,gk,4,CHSL Exam Tier I,2022
"Which Union Ministry is related to Prime Minister’s Employment Generation
Programme (PMEGP)?","Ministry of Micro, Small and Medium Enterprises",Ministry of Commerce and Industry,Ministry of Labour and Employment,Ministry of Corporate Affairs,politics,3,CHSL Exam Tier I,2022
"Which of the following pairs of ""Himalayas – feature"" is correct?
I. Kumaon Himalayas – lying between Satluj and Kali rivers
II. Nepal Himalayas – lying between Teesta and Dihang rivers",Only II,Both I and II,Neither I nor II,Only I,gk,4,CHSL Exam Tier I,2022
"Which of the following is correct regarding the heating of the air?
I. It expands and occupies more space.
II. It becomes heavier on heating.",Only I,Neither I nor II,Both I and II,Only II,science,1,CHSL Exam Tier I,2022
"Mahatma Gandhi National Rural Employment Guarantee Act (MGNREGA) is an
employment scheme that was launched in 2005 to provide social security by
garanteeing a minimum of ________ days paid work per year to all the families whose
adult members opt for unskilled labour-intensive work.",100,150,120,200,politics,1,CHSL Exam Tier I,2022
India’s First open Rock Museum is located in which city?,Varanasi,Chennai,Mysuru,Hyderabad,gk,3,CHSL Exam Tier I,2022
How many silver medals did India win in 2020 Tokyo Olympic Games?,4,2,1,3,sports,4,CHSL Exam Tier I,2022
"Single use plastic which have low utility has been banned in India with effect from
______.",1st August 2022,31st June 2022,31st August 2022,1st July 2022,current_affairs,4,CHSL Exam Tier I,2022
The wet temperate type of forests are found between a height of ______ metres.,2000 and 3000,1500 and 3000,1000 and 2000,500 to 1000,gk,2,CHSL Exam Tier I,2022
"When was the Lucknow Pact signed by All India Muslim League and Indian National
Congress?",1916,1911,1919,1906,history,1,CHSL Exam Tier I,2022
Mohiniyattam dance form gets its name from Hindu God _______.,Kartikeya,Shiva,Vishnu,Krishna,entertainment,1,CHSL Exam Tier I,2022
"In which of the soil conservation methods in the coastal and dry regions, rows of trees
are planted to check the wind movement to protect soil cover?",Mulching,Shelter belts,Rock dam,Contour barriers,gk,4,CHSL Exam Tier I,2022
"_______ is the chemical process in which different types of chemical reactions are
involved in controlling the living state of the cells in an organism.",Transportation,Respiration,Excretion,Metabolism,science,2,CHSL Exam Tier I,2022
Which of the following statements is NOT correct regarding the rabi crops?,Southern and southeastern states are important for the production of wheat and other rabi crops.,These crops are harvested in summer from April to June.,"Some of the important rabi crops are wheat, barley, peas, gram and mustard.",Rabi crops are sown in winter from October to December.,gk,2,CHSL Exam Tier I,2022
"Which of the following pairs is correct regarding the East India Company army?
I. Sawar – Men on horses
II. Musket – A heavy gun used by infantry soldiers",Only I,Only II,Both I and II,Neither I nor II,history,3,CHSL Exam Tier I,2022
Which of the following is related to the concurrent list of the seventh schedule of the Indian constitution?,Taxes on agricultural income,Tolls,Factories,Taxes on income other than agricultural income.,politics,1,CHSL Exam Tier I,2022
"As on 1st November 2022, who is the chairperson of SEBI’s Market Data Advisory Committee (MDAC)?",Suresh N Patel,M.S. Sahoo,K.V. Kamath,Ajay Tyagi,current_affairs,1,CHSL Exam Tier I,2022
An isotope of which of the following is used in the treatment of cancer?,Cobalt,Aluminium,Nickel,Iron,science,1,CHSL Exam Tier I,2022
How many non-major (minor) ports are there in India as on 31st October 2022?,154,168,200,246,gk,1,CHSL Exam Tier I,2022
Who won the best actress award in the NEXA International Indian Film Academy Awards 2022?,Kriti Sanon,Jhanvi Kapoor,Alia Bhatt,Deepika Padukone,entertainment,1,CHSL Exam Tier I,2022
Indian Army’s 1st women combat aviator is ______.,Punita Arora,Divya Ajit Kumar,Abhilasha Barak,Priya Semwal,current_affairs,3,CHSL Exam Tier I,2022
"Raja Parba, also known as Mithuna Sankranti, is a ______ -day-long festival of womanhood celebrated in Odisha, India.",five,six,four,three,gk,4,CHSL Exam Tier I,2022
"Which of the following statement is correct regarding inertia?
I. Inertia is the natural tendency of an object to resist a change in its state of motion or of rest.
II. The mass of an object is a measure of its inertia.",Only I,Neither I nor II,Only II,Both I and II,science,3,CHSL Exam Tier I,2022
How many gold medals did Maharashtra win in the fourth edition of Khelo India Youth Games?,41,38,54,45,sports,4,CHSL Exam Tier I,2022
Which of the following is NOT a part of western coastal plains?,Konkan,Coromandel Coast,Kannad Plain,Malabar coast,gk,2,CHSL Exam Tier I,2022
Pick the odd one out in Central Processing Unit (CPU) of a computer.,ALU and Control Unit both,Control Unit,ALU (Arithmetic Logic Unit),Output Unit,tech,4,CHSL Exam Tier I,2022
______ diseases last for only shorter periods of time.,Hereditary,Chronic,Acute,Genetic,health,3,CHSL Exam Tier I,2022
In which year was the Insurance Regulatory and Development Authority of India set up?,1999,2011,1995,2002,gk,1,CHSL Exam Tier I,2022
Which of the following is the largest freshwater lake in India?,Barapani,Wular,Bhimtal,Loktak,gk,2,CHSL Exam Tier I,2022
LTE technology is used in which of the following generation of wireless technologies?,3G,2G,4G,1G,tech,3,CHSL Exam Tier I,2022
"Macroeconomics deals with which of the following studies?
I. Reasons behind the unemployment of resources
II. Determination of total output",Only I,Only II,Neither I nor II,Both I and II,gk,4,CHSL Exam Tier I,2022
Indian cricket team lost 2021 ICC World Test Championship Final to which country?,New Zealand,Australia,England,Pakistan,sports,2,CHSL Exam Tier I,2022
‘281 and beyond’ is the autobiography of which veteran cricketer?,Kapil Dev,VVS Laxman,Sourav Ganguly,Ajinkya Rahane,sports,2,CHSL Exam Tier I,2022
In which year was the Citizenship Act passed in India?,1951,1955,1959,1964,politics,2,CHSL Exam Tier I,2022
______ is an Act of the Parliament of the United Kingdom that partitioned British India into two new independent dominions of India and Pakistan in 1947.,Rowlatt Act,Indian Independence Act,Government of India Act,Pitt's India Act,history,2,CHSL Exam Tier I,2022
ऑːŌेिलयनओपन 2022 मŐ मिहलाएकलकाİखताबिकसनेजीताथा?,एशलेबाटŎ,ऐलेनाįरबािकना,ओɌ जेɯुर,सेरेनािविलयʈ,sports,2,CHSL Exam Tier I,2022
Birju Maharaj was a noted dancer of ______.,Bharatnatyam,Manipuri,Kathak,Sattriya,entertainment,3,CHSL Exam Tier I,2022
"Who among the following was famously known as the ""The parrot of India""?",Amir Khusro,Lata Mangeshkar,Pandit Ravishankar,Kalidas,history,1,CHSL Exam Tier I,2022
"In ruminants like cattle, bacteria present in ______ helps in digestion of cellulose.",rumen,oesophagus,small intestine,large intestine,science,1,CHSL Exam Tier I,2022
Which institution launched a list of 50 iconic Indian heritage textiles?,Ministry of textile,NITI Aayog,Ministry of culture,UNESCO,gk,2,CHSL Exam Tier I,2022
Which of the following shortcut key is used to open a new file in MS-Word 365?,Alt + O,Alt + N,Ctrl + O,Ctrl + N,tech,3,CHSL Exam Tier I,2022
"Law of Demand states that, there is a negative relationship between ______.",demand for a commodity and its supply,demand for a commodity and its price,tax on a commodity and its price,supply of a commodity and its price,gk,1,CHSL Exam Tier I,2022
“Advanced Light Helicopter (ALH) MK III” has been manufacturer by which organization?,ISRO,HAL,DRDO,BHEL,tech,2,CHSL Exam Tier I,2022
Sonal Mansingh is associated with which dance form?,Kuchipudi and Sattriya,Bharatnatyam and Odissi,Manipuri and kathak,Manipuri and Kuchipudi,entertainment,2,CHSL Exam Tier I,2022
"Consider the given consumption function of country X and answer the following question.
C = 100 + 0.8Y
What is the value of autonomous consumption (A) and marginal propensity to consume (MPC) in the given equation?","A = 0.8, MPC = 100","A = 100, MPC = 80","A = 80, MPC = 0.10","A = 100, MPC = 0.8",gk,4,CHSL Exam Tier I,2022
Which of the following sports was NOT played at Commonwealth Games 2022?,Squash,Boxing,Hockey,Archery,sports,4,CHSL Exam Tier I,2022
Who among the following wrote a history of Akbar’s reign titled Akbar Nama?,Miya Tansen,Todar Mal,Raja Birbal,Abul Fazl,history,4,CHSL Exam Tier I,2022
Original jurisdiction of the Supreme Court of India is defined under which article of the Indian constitution?,130,134,131,132,politics,3,CHSL Exam Tier I,2022
Who won the women’s singles title at the French Open 2022?,Iga Swiatek,Ons Jabeur,Ashleigh Barty,Coco Gauff,sports,1,CHSL Exam Tier I,2022
Who was/is a successful Indian business tycoon and was the founder of Reliance Industries?,Dhirubhai Ambani,Anant Ambani,Mukesh Ambani,Akash Ambani,gk,3,CHSL Exam Tier I,2022
"Which of the following pair regarding peninsular plateau of India is correct?
I. Central Highlands – south of Narmada river
II. Deccan Plateau – north of Narmada river",Only I,Both I and II,Neither I nor II,Only II,gk,3,CHSL Exam Tier I,2022
The green plants in a terrestrial ecosystem capture about ______ percent of the energy of sunlight that falls on their leaves and convert it into food energy.,20,10,1,5,science,2,CHSL Exam Tier I,2022
Theme of International Earth Day 2022 is ______.,Invest in our planet,Saves future collectively,Protect our species,Restore our earth,current_affairs,1,CHSL Exam Tier I,2022
Nashik is also known as ______ capital of India.,Wine,Gold,Orange,Cotton,gk,3,CHSL Exam Tier I,2022
Who was conferred with the Ashok Chakra for his gallantry in 26/11 Mumbai terrorist attacks?,Mohan Chand Sharma,Hemant Karkare,R P Diengdoh,Mohit Sharma,history,1,CHSL Exam Tier I,2022
Which of the following statements is correct regarding the 2011 population census?,The literacy rate in the country as per the Census of 2011 is 78 per cent.,Sex ratio is defined as the number of males per 1000 females in the population.,Kerala has a sex ratio of 1046.,"A person aged 7 years and above, who can read and write with understanding in any language, is treated as literate.",gk,4,CHSL Exam Tier I,2022
Which of the following temple is situated in Tamil Nadu?,Shore temple,Kailasa temple,Virupaksha temple,Jagannatha temple,gk,1,CHSL Exam Tier I,2022
"The Eighty-ninth Amendment Act, 2003 of the Indian Constitution established which of the following Commission?",Competition Commission of India,National Commission for Backward Classes,National Commission for Woman,National Commission for Scheduled Tribes,politics,4,CHSL Exam Tier I,2022
Mahatma Gandhi abruptly called off the Non-Cooperation Movement when in ______ a crowd of peasants set fire to a police station in Chauri Chaura.,June 1922,February 1922,December 1922,April 1922,history,1,CHSL Exam Tier I,2022
"From the north most to south most point of India, what is the extent of India?",4109 km,2914 km,3214 km,3785 km,gk,2,CHSL Exam Tier I,2022
______ was the first web browser developed by the National Centre for Supercomputing Application (NCSA).,Opera,Safari,Mosaic,Chrome,tech,3,CHSL Exam Tier I,2022
"Which of the following statements regarding the lenses is/are correct?
I. Power of a convex lens is represented as a positive number.
II. Power of a concave lens is represented as a negative number.",Both I and II,Only II,Only I,Neither I nor II,science,2,CHSL Exam Tier I,2022
______ won the gold medal in the Women's event in the 44th Chess Olympiad 2022 held in India.,Georgia,Armenia,Ukraine,India,sports,3,CHSL Exam Tier I,2022
Which was the first socio-religious organisation established in Bombay in 1840 to work for the annihilation of caste?,Satyashodhak Samaj,Vishwa Jain Sangathan,Paramhans Mandali,Dharma Sabha,history,3,CHSL Exam Tier I,2024
Which of the following is NOT applicable to force?,Force may change the shape of an object,Force may change the direction of a moving object,Force may increase the mass of the object,Force may make an object move,science,3,CHSL Exam Tier I,2024
"In the year 2021, the Department of Public Enterprises has now been made part of the __________ Ministry, to speed up the
privatisation process and exercise greater financial control over the state-run-enterprises.","Micro, Small and Medium Enterprises",Heavy Industries and Public Enterprises,Finance,Commerce and Industry,current_affairs,3,CHSL Exam Tier I,2024
Competitive behaviour and competitive market structure are _______ related.,not,directly ,inversely,proportionately,gk,2,CHSL Exam Tier I,2024
How many basic talams are there in Indian Classical Carnatic music?,37,7,21,11,entertainment,2,CHSL Exam Tier I,2024
Which of the following is NOT a condition for acquiring the citizenship of India?,Holding property,Descent,Registration,Domicile,politics,1,CHSL Exam Tier I,2024
"The catchphrase of which census is ‘Our census, our future’?",1981,2001,1991,2011,gk,4,CHSL Exam Tier I,2024
"The Gulf of Khambhat, the Gulf of Kutch and Gangetic delta provide ideal conditions for utilising ________energy.",solar,atomic,geo thermal,tidal,science,4,CHSL Exam Tier I,2024
How many times has India hosted the ICC Men’s T-20 Cricket World Cup as of 2023?,3,4,2,1,sports,4,CHSL Exam Tier I,2024
‘Reservation in promotion’ comes under which Article of the Constitution?,Article 15 (3B),Article 19 (2),Article 14 (4A),Article 16 (4A),politics,4,CHSL Exam Tier I,2024
"As of 2022, which among of the following is the leading tidal energy generation site of India?",Sunderbans,Seashore of Maharashtra,Gulf of Kutch,Gulf of Mannar,gk,3,CHSL Exam Tier I,2024
Which of the following is an example of multi-factor authentication for PC security?,Antivirus software,Fingerprint scan,OS protection,Firewall protection,tech,2,CHSL Exam Tier I,2024
"Which of the following is a feature of Directive Principles of State Policy, and also distinguishes it from Fundamental
Rights?",It protects the interest of the individual.,It is prohibitive in nature.,It is non-justiciable.,It is justiciable.,politics,3,CHSL Exam Tier I,2024
Which planet is the second largest planet in our solar system and also has the biggest and brightest rings around it?,Saturn,Earth,Uranus,Jupiter,science,1,CHSL Exam Tier I,2024
Which of the following muscles regulates the exit of food from the stomach into the small intestine?,Gastrocnemius,Pectoralis ,Rectus ,Sphincter,science,4,CHSL Exam Tier I,2024
"Which of the following awards is presented for lifetime achievement in sports and games? It was instituted to honour those
sportspersons who have contributed to sports by their performance and continue to contribute to the promotion of sports
even after their retirement from an active sporting career.",Arjuna Award,Dhyanchand Award,Dronacharya Award,Major Dhyan Chand Khel Ratna,sports,2,CHSL Exam Tier I,2024
What function does the public key serve in digital signature verification?,To ensure confidentiality during transmission,To encrypt the digital signature,To decrypt the digital signature,To calculate the hash value of the message or file content,tech,3,CHSL Exam Tier I,2024
"With which Gharana is the famous Tarana singer, Pandit Rattan Mohan Sharma associated?",Talwandi Gharana,Patiala Gharana,Agra Gharana,Mewati Gharana,entertainment,4,CHSL Exam Tier I,2024
What is the minimum number of football players required in a team for a match to start?,11,8,10,7,sports,4,CHSL Exam Tier I,2024
The founder of the Pala empire was:,Rayala,Gopala,Devapala,Dharmapala,history,2,CHSL Exam Tier I,2024
"‘Tamu Lochar’ is one of the traditional festivals of the ____________ of Sikkim. It is celebrated to mark the beginning of their
new year, which falls on the 15th day of Pusa, according to the Hindu calendar Vikram Samvat and 30th December in the
English calendar.",Mangar community,Bhutia community,Lepcha community,Gurung community,entertainment,4,CHSL Exam Tier I,2024
On which river in India was the Somasila Dam built?,Krishna river,Pennar river,Sabarmati river,Tapti river,gk,2,CHSL Exam Tier I,2024
Which theory describes the collective effects of changes in Earth's movements on its climate over thousands of years?,Plate tectonics theory,Copernicus' heliocentric theory,Milankovitch theory,Continental drift theory	,science,3,CHSL Exam Tier I,2024
How many times has India won the South Asian Football Federation (SAFF) Championship as of December 2023?,5 times,7 times,6 times,9 times,sports,4,CHSL Exam Tier I,2024
Which of the following types of crops are sown after the end of the monsoon season?,Zaid crops,Kharif crops	,Rabi crops,Vital crops	,gk,3,CHSL Exam Tier I,2024
By which ministry of Government of India was the Deendayal Antyodaya Yojana started?,Ministry of Rural Development,Ministry of Home affairs,Ministry of Labour and Employment,Ministry of Corporate affairs,gk,1,CHSL Exam Tier I,2024
How many types of writs can be issued by the Supreme Court to protect the Fundamental Rights of Indian citizens?,Six,Four,Five,Seven,politics,3,CHSL Exam Tier I,2024
What is the name of the centrally sponsored scheme related with literacy that was launched by the Government of India in March 2023?,National Literacy Programme,New India Literacy Programme,India Literacy Programme,Bharat Padhega,gk,2,CHSL Exam Tier I,2024
"As per Olympic rules, in the third game, badminton players change ends when a side scores _____ points.",11,13,15,12,sports,1,CHSL Exam Tier I,2024
The loss of water in the form of water droplets from leaves of plants is called _____.,Pressure gradient,Guttation 	,Translocation 	,Plasmolysis,science,2,CHSL Exam Tier I,2024
A _________________ is a cloud of dust and gas inside a galaxy.,photosphere,black hole,chromosphere,nebula,science,4,CHSL Exam Tier I,2024
"Who among the following was appointed, to the UN tax committee in July 2021, as a member for the 2021 to 2025 term?",Vivek Singh,Vipul Bansal	,Rasmi Ranjan Das	,TV Somanathan	,current_affairs,3,CHSL Exam Tier I,2024
Who is the founder of modern micro finance ?,VKV Rao,Rangarajan,YV Reddy,Muhammad Yunus,gk,4,CHSL Exam Tier I,2024
"PC Mahalanobis is remembered as a major contributor of India’s developmental path because he __________.
(A)set up Indian Institutes of Management located in different parts of India
(B)formulated the Second Five-Year Plan
(C)was the first Minister of Statistics and Programme Implementation",Only (A) and (C) are true,Only (A) and (B) are true,Only (A) is true,Only (B) is true,history,4,CHSL Exam Tier I,2024
Who among the following was primarily an integral part of the Indian National Army (INA)?,Rabindranath Tagore,Chittaranjan Das,Abanindranath Tagore,Subhas Chandra Bose,history,4,CHSL Exam Tier I,2024
Which Clause of Article 20 incorporates the doctrine of double jeopardy?,1,4,3,2,politics,4,CHSL Exam Tier I,2024
"According to the Census of India-2011, which state has the largest gap between male and female literacy rates?",Assam,Rajasthan,Karnataka,Andhra Pradesh,gk,2,CHSL Exam Tier I,2024
Which of the following was the last dynasty of the Vijayanagara Empire?,Aravidu dynasty,Sangam dynasty,Saluva dynasty,Tuluva dynasty,history,1,CHSL Exam Tier I,2024
"In MS Word, which feature allows you to create different headers and footers for odd and even pages in a document?",Different First Page,Page Breaks,Different Odd & Even Pages,Section Breaks,tech,3,CHSL Exam Tier I,2024
_________ is a significant festival of the Parsi people who practice Zoroastrianism as it marks the birth anniversary of Zoroaster.,Jamshed-e-Navroz,Pateti,Khordad Sal,Gahambars,gk,3,CHSL Exam Tier I,2024
Who among the following is a famous classical dancer?,Sonal Mansingh,Asha Bhosle,Pratibha Ray,S Janaki,entertainment,1,CHSL Exam Tier I,2024
Which kind of computer security requires verifying the genuineness of the individuals or organisations that want to access a system?,Non-repudiation,Availability,Authentication,Confidentiality,tech,3,CHSL Exam Tier I,2024
"The 5th edition of the Khelo India Youth Games 2023 was hosted in January-February, 2023 by _______",Uttar Pradesh,Delhi,Rajasthan,Madhya Pradesh,sports,4,CHSL Exam Tier I,2024
"In a spread sheet, page orientation is changed through __________.",page setup dialog box,format dialogue box,print dialog box,paper dialog box,tech,1,CHSL Exam Tier I,2024
Which of the following is a part of apical meristem found in roots.,Protoderm,Leaf primordium,Differentiating vascular tissue,Axillary bud,science,1,CHSL Exam Tier I,2024
The institute established by Kaka Hathrasi in 1932 is:,Music Art Centre,Swar Sangam Kendra,Sangeet Karyalaya,Music Art Kendra,gk,3,CHSL Exam Tier I,2024
"In an electrical circuit, the ammeter reading decreases to ________________ when the length of the wire is doubled.",one-sixth,one-half,one-fourth,one-third,science,2,CHSL Exam Tier I,2024
Match the following ports with their related states correctly.,"1-b, 2-d, 3-c, 4-a","1-a, 2-b, 3-d, 4-c","1-d, 2-b, 3-a, 4-c","1-b, 2-d, 3-a, 4-c",gk,4,CHSL Exam Tier I,2024
Which is the first state to receive rain from the Monsoon in India?,Kerala,Goa,Andhra Pradesh,Karnataka,gk,1,CHSL Exam Tier I,2024
In which of the following cities was the Asian Wrestling Championship 2023 held?,Mumbai,Astana,Tokyo,Karachi,sports,2,CHSL Exam Tier I,2024
Federalism in the Indian constitutional context means:,the existence only one level of government in the country,the existence of one nation one government in the country,the existence of states in the country,the existence of more than one level of government in the country,politics,4,CHSL Exam Tier I,2024
Jagoi and Cholom are two divisions in the Indian classical dance form of ________.,Kathak,Manipuri,Kathakali,Bharatanatyam,entertainment,2,CHSL Exam Tier I,2024
Which of the following is NOT any position in the Basketball sport?,Point guard,Shooting guard,Small forward,All rounder,sports,4,CHSL Exam Tier I,2024
"As of August, 2023, which of the following states has India’s first fully functionally literate district?",Madhya Pradesh,Maharashtra,Kerala,Goa,gk,3,CHSL Exam Tier I,2024
The President of India appointed __________ as the Governor of Karnataka in July 2021.,Hari Babu Kambhampati,Thaawar Chand Gehlot,Rajendra Vishwanath Arlekar,Mangubhai Chhaganbhai Patel,politics,2,CHSL Exam Tier I,2024
"In Hindustani classical music, according to Vishnu Narayana Bhatkhande, how many thaats are the origins of ragas?", 52, 72,10, 20,entertainment,3,CHSL Exam Tier I,2024
The Prarthana Samaj was established in ________ by Dr. Atma Ram Pandurang.,Bombay,Calcutta,Adyar,Delhi,history,1,CHSL Exam Tier I,2024
Where is the oldest centre of lace work located in Gujarat?, Ahmedabad,Rajkot,Jamnagar,Kutch,gk,4,CHSL Exam Tier I,2024
"The Chau dancers of ___________ organise a festival named Chau-Jhumur Utsav, where an open stage is designed for the performance by Chau groups.",West Bengal,Chhattisgarh,Jharkhand,Madhya Pradesh,entertainment,1,CHSL Exam Tier I,2024
_____ is defined as excess of total expenditure over total receipts excluding borrowings during a fiscal year.,Fiscal deficit,Income deficit,Structural deficit,Gross Primary deficit,gk,1,CHSL Exam Tier I,2024
Part IV A of the Indian Constitution is related to _________.,Directive Principles of State Policy,Fundamental Duties,Fundamental Rights,Citizenship,politics,2,CHSL Exam Tier I,2024
Which of the following statements most accurately describes the planet Saturn?,Its surface is reddish in colour.,It is a gas giant made up mostly of hydrogen and helium and the density is less than that of water.,It was the seventh planet discovered in the Solar System.,Its cloud-like outer regions consist of methane in the gaseous form and ammonia in crystalline form.,science,2,CHSL Exam Tier I,2024
Who defeated Mohammad Ghori in the First Battle of Tarain fought in the year 1191?,Prithviraj Chauhan,Vasudev,Yashovarman,Vidyadhar,history,1,CHSL Exam Tier I,2024
Which part of the Constitution of India deals with ‘Citizenship’?,Part I,Part III,Part IV,Part II,politics,4,CHSL Exam Tier I,2024
In a symport:,a molecule moves across a membrane independent of other molecules,both molecules cross the membrane in the same direction,both molecules cross the membrane in the opposite direction,a molecule moves across a membrane dependent of other molecules,science,2,CHSL Exam Tier I,2024
"The Braj festival in ________ is held every year for two days in the Shukla Paksha of the Phalgun month, a few days before Holi.",Rajasthan,Himachal Pradesh,Madhya Pradesh,Haryana,entertainment,1,CHSL Exam Tier I,2024
The Kailasha temple at Ellora near Aurangabad in Maharashtra was built by a king from the _____ Dynasty.,Rashtrakuta,Pratihara,Gurjara Pratihara,Chandella,history,1,CHSL Exam Tier I,2024
Where and when was India’s first Senior National Archery Championship held?,"Delhi, 1973","Chennai, 1973","Chennai, 1975","Delhi, 1975",sports,4,CHSL Exam Tier I,2024
Which of the following persons was sworn in as chief of the Central Information Commission of India in November 2023?,Bimal Julka,Yashovardhan Azad,Divya Prakash Sinha,Heeralal Samariya,current_affairs,4,CHSL Exam Tier I,2024
"Which of the following committees had recommended the inclusion of a chapter on the Fundamental Duties in the Constitution of India and stressed that the citizens should become conscious that, in addition to the enjoyment of rights, they also have certain duties to perform?",Balwant Rai Mehta Committee (1976),JR Varma Committee (1996),Ashok Mehta Committee (1977),Swaran Singh Committee (1976),politics,4,CHSL Exam Tier I,2024
Which of the following is NOT an alignment option for text in a cell?,Center,Right,Justified,Left,tech,3,CHSL Exam Tier I,2024
The Thomas Cup is associated with which of the following sports?,Badminton female,Tennis female,Tennis male,Badminton male,sports,4,CHSL Exam Tier I,2024
Which of the following is the most dominant species of the Tropical Deciduous Forests?,Mulberry,Rubber,Coconut,Teak,gk,4,CHSL Exam Tier I,2024
Which of the following song did AR Rahman record with Michael Jackson?,Ekam Satyam,You are my destiny,The Oracle,Infinity Love,entertainment,4,CHSL Exam Tier I,2024
__________ is one of the well-known schemes sponsored by the Union Government of India. It was launched in November 2015 with the aim of rescuing the country’s ailing electricity distribution companies.,Integrated Power Development Scheme (IPDS),"One Nation, One Grid",Deendayal Upadhyaya Gram Jyoti Yojana,Ujwal DISCOM Assurance Yojana,politics,4,CHSL Exam Tier I,2024
Which of the following tribes does NOT live in India?,Maasai,Tharu,Gond,Santhal,gk,1,CHSL Exam Tier I,2024
How can we add text to a slide in MS-PowerPoint?,Note box,Dialogue box,Notes page,Textbox,tech,4,CHSL Exam Tier I,2024
Who was the first to use the term 'horsepower' that refers to the power produced by an engine?,John Dalton,Amedeo Avogadro,Albert Einstein,James Watt,history,4,CHSL Exam Tier I,2024
Which of the following is NOT a moon of Jupiter?,Triton,Callisto,Europa,Ganymede,science,1,CHSL Exam Tier I,2024
Under the discretionary power of which Article of the Indian Constitution did the SC of India recognise sex work as a profession?,Article 142,Article 143,Article 141,Article 140,politics,1,CHSL Exam Tier I,2024
Which of the following pairs of state and folk dance is correctly paired?,Punjab – Bhangra dance,Haryana – Garia or Goria dance,Kerala – Ghoomar dance,Gujarat – Bihu dance,entertainment,1,CHSL Exam Tier I,2024
"On the basis of highest population growth rate (Census, 2011), select the option that arranges the following states in descending order.
A)Bihar
B)Arunachal Pradesh
C)Meghalaya","C, B, A","A, B, C","C, A, B","B, C, A",gk,1,CHSL Exam Tier I,2024
Former Union Minister _________ from Manipur was awarded Padma Shri in 2023 by the Union government for his contribution in public affairs in the last four decades.,Thokchom Radheshyam Singh,Thounaojam Chaoba,Yumnam Joykumar,Okram Ibobi Singh,current_affairs,1,CHSL Exam Tier I,2024
National income at constant prices means:,income estimated for next year prices,income estimated at base year prices,income estimated at current year prices,income estimated at any year prices,gk,2,CHSL Exam Tier I,2024
Who composed the music of the patriotic song ‘Maa Tujhe Salaam’?,Anu Malik,Shankar Mahadevan,Himesh Reshammiya,AR Rahman,entertainment,4,CHSL Exam Tier I,2024
Where did the indigenous sport ‘Gatka’ originate from?,Rajasthan,Manipur,Punjab,Jammu and Kashmir,sports,3,CHSL Exam Tier I,2024
The birthday of ________ is celebrated as the International Day of Non-Violence.,Bhimrao Ambedkar,Mahatma Gandhi,Sardar Vallabhbhai Patel,Rabindranath Tagore,history,2,CHSL Exam Tier I,2024
In which year was the 15th National Census Survey of India conducted?,1991,2011,2021,2001,gk,2,CHSL Exam Tier I,2024
Which of the following is a cyclic arrangement of time units in Hindustani classical music?,Tala,Nyasa,Jati,Raga,entertainment,1,CHSL Exam Tier I,2024
The Bhotia dance form is a folk-dance from which of the following Indian states?,Goa,Tamil Nadu,Odisha,Uttarakhand,entertainment,4,CHSL Exam Tier I,2024
What is the penalty for a wide ball in cricket?,One run,Six runs,Four runs,A free hit,sports,1,CHSL Exam Tier I,2024
The point in the orbit of an object (such as a satellite) orbiting the earth that is at the greatest distance from the centre of the earth is known as:,aphelion,perigee,apogee,perihelion,science,3,CHSL Exam Tier I,2024
Who founded the Bombay Presidency Association in 1885 along with Pherozeshah Mehta and KT Telang?,AK Fazlul Haq,Zakir Husain,Behramji M Malabari,Badruddin Tyabji,history,4,CHSL Exam Tier I,2024
What is the keyboard shortcut for opening a blank new document in MS-Word?,Ctrl + N,Ctrl + S,Ctrl + B,Ctrl + C,tech,1,CHSL Exam Tier I,2024
Which of the following is NOT a way to acquire citizenship in India?,Renunciation,Registration,Birth,Incorporation of territory,politics,1,CHSL Exam Tier I,2024
Which of the following countries was the host of the ICC World Test Championship Cricket final played between India and New Zealand from 18-23 June 2021?,South Africa,Australia,India,England,sports,4,CHSL Exam Tier I,2024
Which city will host 2028 Olympics games?,"New York, USA","Los Angles, USA","Boston, USA","San Diego, USA",sports,2,CHSL Exam Tier I,2024
Select the musical instrument which is NOT played by way of percussion or NOT played by way of striking any object?,Shehnai,Tabla,Pakhawaj,Drum,entertainment,1,CHSL Exam Tier I,2024
"With reference to the Directive Principles of State policy contained in the Constitution of India, which of the following statements is/are correct?
1.Article 37 of the Constitution of India provides that the Directive Principles of State Policy are enforceable in the High
Courts only.
2.Article 38 provides that the State shall strive to minimise the inequalities in income amongst individuals and groups of
people.
3.Article 39 provides that the State shall direct its policy towards securing that there is equal pay for equal work for both
men and women.",Only 1 and 3,Only 2,Only 1,Only 2 and 3,politics,4,CHSL Exam Tier I,2024
The Mundra Thermal Power Plant is located in which district of Gujarat?,Gandhinagar,Kheda,Kutch,Jamnagar,gk,3,CHSL Exam Tier I,2024
How many languages are included in the Eighth Schedule of the Constitution of India as scheduled languages?,23,21,22,24,politics,3,CHSL Exam Tier I,2024
Which keyboard key is used to jump the cursor to the next cell of the table in MS Word?,Shift,Tab,Home,Ctrl,tech,2,CHSL Exam Tier I,2024
Which of the following is NOT a mutation-based disease?,Sickle cell anaemia,Malaria,Phenylketonuria,Down syndrome	,health,2,CHSL Exam Tier I,2024
"In March 2023, Rashmi Shukla was appointed as the Director General of which organisation?",Border Security Force,Central Reserve Police Force,Sashastra Seema Bal,Indo-Tibetan Border Police,current_affairs,3,CHSL Exam Tier I,2024
"Which of the following statements is/are correct
I – Maximum National Parks in India are located in the state of Madhya Pradesh.
II – Mudumalai National Park is located in Kerala.
III – The Salim Ali Centre for Ornithology and Natural History is located in Tamil Nadu.",Both I and II are correct,"Only I	
is correct.",Both I and III are correct,Only III is correct,gk,4,CHSL Exam Tier I,2024
"India's first indigenous Aircraft Carrier, _____, conducted its maiden sea travel in August 2021 marking a significant step
towards making military equipment in India.",INS Vikrant	,INS Swades,INS Kranti,INS Vayudooth	,current_affairs,1,CHSL Exam Tier I,2024
Who was the founder of the Bahmani Sultanate?,Alauddin Hasan Bahman Shah,Muhammad Shah,Feroz Shah Bahmani,Muhammad Bin Tughlaq,history,1,CHSL Exam Tier I,2024
Rotating Savings and Credit Association (ROSCA) was introduced by Shirley Ardener in the year ________.,1970,1964,1963,1955,gk,2,CHSL Exam Tier I,2024
"If an object of mass 2 kg is dropped from a height of 10 metres, what will be the ratio of its potential energy and kinetic
energy at the height of 5 metres (g=10m/sec2)",1:1	,4:1,1:4	,1:2	,science,1,CHSL Exam Tier I,2024
Intervention by the monetary authority of a country in the money market to keep money supply stable against exogenous or sometimes external shocks is called _____.,sterilisation,capitalisation,conservation,neutralisation,gk,1,CHSL Exam Tier I,2024
In PPT What method can be used to move among slides if your hands are already on the keyboard?,Pressing the Esc key to exit the presentation,Using the keyboard directional keys,Scrolling with the mouse wheel,Clicking on the slide thumbnail in the Slides tab,tech,2,CHSL Exam Tier I,2024
"Which of the following is NOT an Olympics Sport? (As of March, 2023)",Cricket,Rowing,Sailing,3×3 Basketball,sports,1,CHSL Exam Tier I,2024
"According to Census 2011, India’s population accounts _________ of the world’s population.",20%,15%,10%,17.5%,gk,4,CHSL Exam Tier I,2024
Jharkhand and Chhattisgarh states are rich with ___________ material deposits.,gold,silicon,petroleum,coal,gk,4,CHSL Exam Tier I,2024
Fundamental duties were introduced in Part IVA of the Constitution by the:,"Forty-third Amendment Act, 1977","Forty-first Amendment Act, 1976","Forty-second Amendment Act, 1976","Forty-fourth Amendment Act, 1978",politics,3,CHSL Exam Tier I,2024
How does the CPU distinguish between each memory cell?,By its address,By its data item,By its capacity,By its byte size,tech,1,CHSL Exam Tier I,2024
The Big Dipper is an asterism formed by the seven brightest stars in the constellation:,Ursa Major,Orion,Cassiopeia,Leo Major,science,1,CHSL Exam Tier I,2024
"Aajeevika - National Rural Livelihoods Mission (NRLM) - was launched by the Ministry of Rural Development (MoRD), Government of India, in the year ________.",2013,2010,2012,2011,gk,4,CHSL Exam Tier I,2024
Baiga is a folk music of Baiga Tribe from which of the following states?,Uttarakhand,Assam,Bihar,Madhya Pradesh,entertainment,4,CHSL Exam Tier I,2024
The cell wall of bacteria is made up of:,peptidoglycan,cellulose,glycogen,peptone,science,1,CHSL Exam Tier I,2024
Which of the following Articles of the Indian Constitution are related to Fundamental Rights?,14-32,32-51,12-35,12-36,politics,3,CHSL Exam Tier I,2024
"According to rules laid down by the International Football Association Board (IFAB), what can be the maximum length of a goal line in football?",90 m,100 m,40 m,50 m,sports,2,CHSL Exam Tier I,2024
"What kind of a satellite is CMS-01,that was launched by ISRO in December 2020?",Navigation,Resource management,Tsunami observation,Communication,tech,4,CHSL Exam Tier I,2024
"Shattantri Veena, meaning a Veena with hundred strings, is the ancient Sanskrit name of which instrument?",Tambura/Tanpura,Sarangi,Sarod,Santoor,entertainment,4,CHSL Exam Tier I,2024
Which party won the Jalandhar (a city in Punjab) Lok Sabha bypoll election held in May 2023?,Indian National Congress,Akali Dal,Aam Aadmi Party,Bharatiya Janata Party,current_affairs,3,CHSL Exam Tier I,2024
Milk of magnesia is a suspension of ____________ in water.,magnesium oxalate,magnesium hydroxide,magnesium chlorate,magnesium bromide,science,2,CHSL Exam Tier I,2024
Warren Hastings became the Governor-General of Bengal from Governor of Bengal after the passing of which of the following Acts?,Indian Council Act of 1861,"Pitt’s India Act, 1784","Regulating Act, 1773","Charter Act, 1813",history,3,CHSL Exam Tier I,2024
"Rouf is the traditional dance of __________, which is practiced on the festive occasions of Eid and during Ramzan days.",Jammu & Kashmir,Chandigarh,Leh,Puducherry,entertainment,1,CHSL Exam Tier I,2024
"In 1955, _____ noted the possibility of using small-scale industries for promoting rural development.",Chakravarty Committee,Sarkaria Committee,Kelkar Committee,Karve Committee,gk,4,CHSL Exam Tier I,2024
"The Union Cabinet, in Aug 2022, approved the enhancement in the limit of Emergency Credit Line Guarantee Scheme (ECLGS) by ________ , with the additional amount being earmarked exclusively for enterprises in hospitality and related sectors.","₹10,000 crore","₹50,000 crore","₹60,000 crore","₹30,000 crore",current_affairs,2,CHSL Exam Tier I,2024
Who amongst the following Mughal emperors got classical Hindu mythological texts Ramayana and Mahabharata translated into Persian?,Jahangir,Aurangzeb,Akbar,Shahjahan,history,3,CHSL Exam Tier I,2024
The largest inland salt lake ‘Sambhar’ is located in the_________of India.,north-east,south-east,south-west,north-west,gk,4,CHSL Exam 2024 Tier I,2024
"In India, the musical instrument “Flute” is also known as _____________.",Tabla,Manjira,Bansuri,Veena,gk,3,CHSL Exam 2024 Tier I,2024
"According to Global Multidimensional poverty index (2022), On the basis of four indicators- nutrition, cooking fuel, sanitation and housing, how much poor people live in India?",24.4 million,54.4 million,44.4 million,34.4 million,gk,3,CHSL Exam 2024 Tier I,2024
"In Microsoft Excel, which chart type is best suited for comparing proportions or percentages of a whole?",Pie Chart,Bar Chart,Scatter Chart,Line Chart,tech,1,CHSL Exam 2024 Tier I,2024
Who wrote the book ‘Gulamgiri’?,Jyotiba Phule,Dwarkanath Tagore,Swami Shraddhanand,BR Ambedkar,history,1,CHSL Exam 2024 Tier I,2024
"In cost theory, the usual shape of the ________ curve is a rectangular hyperbola.",total cost,fixed cost,average fixed cost,variable cost,gk,3,CHSL Exam 2024 Tier I,2024
"Which of the following sequences is correct, according to taxonomy?",Class-Phylum-Family-Order Genus-Species,Family-Phylum-Class-Order-Genus-Species,Phylum-Class-Order-Family-Genus-Species,Class-Phylum-Order-Family-Genus-Species,science,3,CHSL Exam 2024 Tier I,2024
Which of the following teams won the IPL 2023 championship?,Gujarat Titans,Mumbai Indians,Lucknow SuperGiants,Chennai Super Kings,sports,4,CHSL Exam 2024 Tier I,2024
Norman Ernest Borlaug was awarded the _____ in 1970 for his contributions to the green revolution.,Nobel Peace Prize,Nobel Prize in Physiology,Nobel Prize in Chemistry,Nobel Prize in Physics,gk,1,CHSL Exam 2024 Tier I,2024
Who among the following discovered that a wire carrying electric current can attract or repel another wire next to it that's also carrying electric current?,Michael Faraday,Andre-Marie Ampere,Guglielmo Marconi,James Maxwell,science,2,CHSL Exam 2024 Tier I,2024
Which Articles of the Constitution deal with citizenship?,Articles 5 to 11,Articles 5 to 10,Articles 5 to 8,Articles 5 to 9,politics,1,CHSL Exam 2024 Tier I,2024
"The establishment of Union Public Service Commission, State Public Service Commissions and Joint Public Service Commission falls under which of the following features of the Constitution of India?",Federalism,Parliamentary Government,Directive Principles of State Policy,Fundamental Rights,politics,1,CHSL Exam 2024 Tier I,2024
Chhannulal Mishra is related to which Musical Lineage?,Agara Musical Family,Delhi Musical Family,Kirana Musical Family,Jaipur Musical Family,entertainment,3,CHSL Exam 2024 Tier I,2024
"According to the Census of India 2011, which of the following states is the most urbanised?",Goa,Kerala,Himachal Pradesh,Punjab,gk,1,CHSL Exam 2024 Tier I,2024
"On 7 November 2022, the Supreme Court of India upheld the reservations for the weaker sections (EWS). Which of the following amendments brought this reservation in the first place?",103rd Amendment of the Constitution,102nd Amendment of the Constitution,104th Amendment of the Constitution,101st Amendment of the Constitution,politics,1,CHSL Exam 2024 Tier I,2024
The moderate margin of a page in MS Word can be applied to the page from which of the following?,Page Layout Tab,Design Tab,Review tab,View Tab,tech,1,CHSL Exam 2024 Tier I,2024
Who was the first Indian woman wrestler to win a medal at the Olympics?,Alka Tomar,Babita Phogat,Geeta Phogat,Sakshi Malik,sports,4,CHSL Exam 2024 Tier I,2024
‘Chang dance’ is popular in the state of:,Goa,Tripura,Rajasthan,Bihar,entertainment,3,CHSL Exam 2024 Tier I,2024
Who among the following cabinet ministers was appointed as the Governor of Karnataka in July 2021?,Arjun Munda,Rajendra Vishwanath,Thawarchand Gehlot,Hari Babu Kambhampati,current_affairs,3,CHSL Exam 2024 Tier I,2024
Which dwarf planet orbits the sun in 310 years at a distance between 38.5 to 53 AU?,Ceres,Eris,Makemake,Pluto,science,4,CHSL Exam 2024 Tier I,2024
"Dinesh K Tripathi was appointed as ______ in January, 2024",,,,,current_affairs,1,CHSL Exam 2024 Tier I,2024
"According to Ministry of Agriculture and Farmers Welfare, what was the total food grain production of India in the year 2022-23?",2266.23 lakh tonnes,2876.17 lakh tonnes,2491.58 lakh tonnes,3296.87 lakh tonnes,gk,4,CHSL Exam 2024 Tier I,2024
Which among the following is a river that originates in the Western Ghats?,Narmada,Luni,Banas,Mandovi,gk,4,CHSL Exam 2022 Tier I,2022
"Among the following, in which material the speed of sound is highest? (at 25°C)",Nickel,Steel,Iron,Aluminium,science,3,CHSL Exam 2022 Tier I,2022
The second five-year plan of India focused on ______.,rapid industrialization,foreign direct investment,balance of payment,family Planning Programmes,gk,1,CHSL Exam 2022 Tier I,2022
"______ came into existence on 12 July 1982 by transferring the agricultural credit
functions of RBI and refinance functions of the then Agricultural Refinance and
Development Corporation.",Securities and Exchange Board of India,Small Industries Development Bank of India,Reserve Bank of India,National Bank for Agriculture and Rural Development,gk,4,CHSL Exam 2022 Tier I,2022
Which of the following was the runners-up at Durand Cup 2022?,Kerala Blasters,Mumbai City FC,Bengaluru FC,Mohammedan SC,sports,4,CHSL Exam 2022 Tier I,2022
Kalsubai peak is located in which of the following Indian states?,Madhya Pradesh,Maharashtra,Andhra Pradesh,Himachal Pradesh,gk,2,CHSL Exam 2022 Tier I,2022
"As of 2022, there are ______ states in India.",30,28,31,29,gk,4,CHSL Exam 2022 Tier I,2022
"Which among the following won the best film (critics') award in the 67th Filmfare
Awards 2022?",Sherni,Sardar Udham,Sandeep Aur Pinky Farar,Ramprasad ki Tehrvi,entertainment,2,CHSL Exam 2022 Tier I,2022
Which among the following is India’s first indigenously developed COVID-19 vaccine?,Sputnik V,Covishield,COVAXIN,Novavax,health,3,CHSL Exam 2022 Tier I,2022
Which of the following is used to view pages and navigate the World Wide Web?,Hyperlink,Web Browser,World Wide Web,Joystick,tech,2,CHSL Exam 2022 Tier I,2022
"Which among the following forts was principal capital of Qutb Shahi dynasty in
Hyderabad?",Chiktan Fort,Rajgad Fort,Red Fort,Golconda Fort,history,4,CHSL Exam 2022 Tier I,2022
"Which among the following is not a type of Right to freedom in the Indian
constitution?","Protection of certain rights regarding freedom of speech, etc.",Protection of life and personal liberty.,offences for armed assembly,Protection in respect of conviction for offences.,politics,3,CHSL Exam 2022 Tier I,2022
International Day for the preservation of the Ozone layer is observed on ______.,September 13,September 10,September 16,September 18,gk,3,CHSL Exam 2022 Tier I,2022
The poet - saint Kabir Das was born in ______ sometime in the 15th century.,Kashi,Amritsar,Somnath,Agra,history,1,CHSL Exam 2022 Tier I,2022
Which of the following planets is considered as Earth’s twin planet?,Neptune,Uranus,Venus,Mars,science,3,CHSL Exam 2022 Tier I,2022
"On 12 August ______, the Mughal emperor appointed the East India Company as the
Diwan of Bengal.",1765,1768,1772,1760,history,1,CHSL Exam 2022 Tier I,2022
Lovely Choubey is a famous Indian sportswoman associated with ______ sport.,Table Tennis,Lawn Bowls,Cricket,Kho-Kho,sports,2,CHSL Exam 2022 Tier I,2022
"Article related to compulsory acquisition of property has been omitted now from the
Indian constitution. What is the number of this article?",31D,31,31B,31A,politics,2,CHSL Exam 2022 Tier I,2022
"Which animal's memorial was inaugurated in September 2022 at Kaziranga National
Park in Assam?",Rhinoceros,Hippopotamus,Langur,Gibbon,gk,1,CHSL Exam 2022 Tier I,2022
Which of the following base is found in lime water?,Calcium hydroxide,Potassium hydroxide,Magnesium hydroxide,Ammonium hydroxide,science,1,CHSL Exam 2022 Tier I,2022
"In a drama, Hima spoke “Swaraj is my birth right and I shall have it.’’. Which Indian
freedom fighter gave this slogan?",Bhagat Singh,Bal Gangadhar Tilak,Mahatma Gandhi,Ambika Charan Majumdar,history,2,CHSL Exam 2022 Tier I,2022
"Which of the following shortcut key displays the Editor task pane to check spelling
and grammar in the document or the selected text in MS-Word 365?",F7,F1,F10,F2,tech,1,CHSL Exam 2022 Tier I,2022
Who won the Men’s Single title at Wimbledon 2022?,Nick Kyrgios,Rafael Nadal,Novak Djokovic,Daniil Medvedev,sports,2,CHSL Exam 2022 Tier I,2022
"Godaan is a novel written by Munshi Premchand, published in the year _______.",2006,1936,1976,1906,entertainment,2,CHSL Exam 2022 Tier I,2022
"What is the name of indigenously developed special aviation fuel by the Indian Oil
Corporation in September 2022?",LNG 30,CNG 101,AVGAS 100 LL,ATF NEW 50,current_affairs,3,CHSL Exam 2022 Tier I,2022
"Select the most appropriate option to fill in the blank.
I can’t _______ this heat anymore.",beer,bare,bear,bier,gk,3,CHSL Exam,2023
"Select the most appropriate option that can substitute the underlined segment in the
following sentence.
I need to put out my clothes before I leave for work this morning otherwise, I will be
restless when I return.",need for put out,need to put in,need to put off,need to put away,gk,4,CHSL Exam,2023
"Select the most appropriate synonym of the given word.
Precise",Vague,General,Accurate,Ambiguous,gk,3,CHSL Exam,2023
"Select the most appropriate synonym for the underlined word in the following
sentence.
She’s so benevolent that she can’t even harm a fly, let alone hurting someone.",Gloomy,Unfortunate,Grudging,Compassionate,gk,4,CHSL Exam,2023
"Select the most appropriate idiom for the underlined words in the given sentence.
Playing fantasy games on internet is an easy way to make money quickly but it’s risky.",in for a penny in for a pound,not fair and square,making a quick buck,bigger fish to fry,gk,3,CHSL Exam,2023
"Select the most appropriate synonym of the underlined word in the given sentence.
I am in a difficult predicament as I have two offers at a time.",Dilemma,Success,Offer,Advantage,gk,1,CHSL Exam,2023
"Select the option that can be used as a one-word substitute for the given group of
words.
The murder of a king",Sacrilege,Rebel,Reticule,Regicide,history,4,CHSL Exam,2023
"Parts of the following sentence have been given as options. Select the option that
contains an error.
This region was struck by unusual wave of violence last year.",was struck by unusual,wave of violence,This region,last year.,gk,1,CHSL Exam,2023
"Parts of the following sentence have been given as options. One of them may contain
an error. Select the option that contains the error. If you don’t find any error, mark ‘No
error’ as your answer.
With reference of your letter, the organisation wishes to hire you for the security
services.",With reference of your letter,for the security services,the organisation wishes to hire you,No error,gk,1,CHSL Exam,2023
"Select the correct spelling of the underlined word in the given sentence.
Incidently, I happened to bump into my childhood friend at the airport yesterday.",Incidantly,Incidentaly,Incidantally,Incidentally,gk,4,CHSL Exam,2023
"Select the option that expresses the given sentence in passive voice.
The boy will bring the coffee.",The coffee will be brought by the boy.,The coffee will have been brought by the boy.,The coffee would have been brought by the boy.,The coffee must have been brought by the boy.,gk,1,CHSL Exam,2023
Select the correctly spelt word.,Recommend,Recemmend,Reccommend,Reccomend,gk,1,CHSL Exam,2023
"Select the option that expresses the given sentence in active voice.
The dog was run over by a truck.",A truck had run over the dog.,A truck runs over the dog.,A truck has run over the dog.,A truck ran over the dog.,gk,4,CHSL Exam,2023
"Select the most appropriate synonym of the underlined word.
Demand for water is also rapidly rising due to population growth, urbanisation and
increasing pressures from the agriculture and energy sector.",promptly,luxuriously,leisurely,hopefully,gk,1,CHSL Exam,2023
"Parts of a sentence are given below in jumbled order. Select the option that arranges
the parts in the correct order to form a meaningful sentence.
A.By conquest, rather than by economic contract
B.Other types of feudalism was the relation
C.The principal difference between Indian and
D. Between lord and vassal, established in this case","B, D, A, C","C, B, D, A","B, A, D, C","C, B, A, D",gk,2,CHSL Exam,2023
"Select the most appropriate idiom for the following statement.
We should be together to fight any danger. Otherwise, separately, we won’t be able to
fight.","Nothing ventured, nothing gained.",A full purse makes the mouth speak.,"United we stand, divided we fall.",Well begun is half done.,gk,3,CHSL Exam,2023
"Select the option that can be used as a one-word substitute for the given group of
words.
One who is new to some trade or profession",Novice,Philistine,Martyr,Omnipresent,gk,1,CHSL Exam,2023
"Parts of a sentence are given below in jumbled order. Arrange the parts in the correct
order to form a meaningful sentence.
A. and he shone like a beacon
B. but also for the whole world
C. our country gave birth to a mighty soul
D. not only for India",DBCA,ACDB,CADB,ADBC,gk,3,CHSL Exam,2023
"Select the most appropriate synonym of the underlined word.
The Sustainable Development Goals are a call for action by all countries—poor, rich
and middle-income—to promote prosperity while protecting the planet.",conceal,holistic,growl,boost,current_affairs,4,CHSL Exam,2023
"Select the most appropriate option that can substitute the underlined segment in the
following sentence.
As the storm raged outside, the children huddled together under blankets, listening to
the sound of the rain hitting the windows hard and hoping that the power wouldn’t go
out.",climbing up to the windows,setting off the windows,pounding against the windows,beating off the windows,gk,4,CHSL Exam,2023
Select the most appropriate option to fill in blank number 1.,has,had,have,will have,gk,2,CHSL Exam,2023
Select the most appropriate option to fill in blank number 2.,digit of,number of,pieces of,quantity of,gk,3,CHSL Exam,2023
Select the most appropriate option to fill in blank number 3.,most,better,extra,more,gk,4,CHSL Exam,2023
Select the most appropriate option to fill in blank number 4.,have advised,advised,advise,did advised,gk,1,CHSL Exam,2023
Select the most appropriate option to fill in blank number 5.,Can,May,Might,Could,gk,4,CHSL Exam,2023
,,,,,gk,1,CHSL Exam,2023
Which of the following is the fundamental right directly affected by 'Untouchability'?,Right to Freedom,Right to Equality,Right against Exploitation,Right to Constitutional Remedies,history,2,CHSL Exam,2023
Which Article of the Indian Constitution deals with the abolition of Untouchability?,Article 14,Article 15,Article 16,Article 17,politics,4,CHSL Exam,2023
In which year was the Reserve Bank of India nationalized?,1947,1949,1950,1951,history,2,CHSL Exam,2023
The term 'Full Count' is associated with which sports?,Hockey,Football,Cricket,Baseball,sports,4,CHSL Exam,2023
The Battle of Plassey was fought in which year?,1757,1764,1771,1775,history,1,CHSL Exam,2023
"In the context of banking transactions, what is the full form of 'IMPS'?",Immediate Payment Service,Integrated Money Transfer System,Instant Payment System,Interservice Monetary Protocol,gk,1,CHSL Exam,2023
Which of the following is a communicable disease?,Asthma,Scurvy,Measles,Diabetes,health,3,CHSL Exam,2023
When was the Goods and Services Tax (GST) implemented in India?,1st July 2017,1st August 2016,1st September 2015,1st June 2018,gk,1,CHSL Exam,2023
Where is the famous Victoria Memorial located?,Delhi,Kolkata,Chennai,Mumbai,history,2,CHSL Exam,2023
Who among the following has been honoured with the Dadasaheb Phalke Award 2023?,Waheeda Rehman,Amitabh Bachchan,Rajinikanth,Asha Parekh,entertainment,1,CHSL Exam,2023
Under whose reign did Marco Polo visit India?,Kakatiya Dynasty,Pandya Dynasty,Chola Dynasty,Chera Dynasty,history,2,CHSL Exam,2023
"In which of the following state, ‘Pakke Paga Hornbill Festival’ is celebrated?",Arunachal Pradesh,Assam,Meghalaya,Nagaland,entertainment,1,CHSL Exam,2023
Who among the following has been appointed as the brand ambassador of Noise?,Virat Kohli,Rohit Sharma,KL Rahul,Rishabh Pant,entertainment,4,CHSL Exam,2023
The book “India: The Mother of Democracy” was released by ________.,Dharmendra Pradhan,Amit Shah,Narendra Modi,Smriti Irani,politics,2,CHSL Exam,2023
Who among the following is the author of the book ‘The Power of the Ballot: Political Turnaround in India’?,Praveen Kumar Jha,Tripurdaman Singh,Radhika Iyengar,Arundhati Roy,politics,1,CHSL Exam,2023
"In which of the following state, the ‘Bonalu Festival’ is celebrated?",Telangana,Tamil Nadu,Kerala,Karnataka,entertainment,1,CHSL Exam,2023
Which of the following article of the Constitution of India deals with the impeachment of the President?,Article 51,Article 61,Article 71,Article 81,politics,2,CHSL Exam,2023
‘Giddha’ is a folk dance form of which of the following state?,Rajasthan,Punjab,Uttar Pradesh,Bihar,entertainment,2,CHSL Exam,2023
"In which of the following year, the ‘Indian National Congress’ was founded?",1875,1885,1895,1905,history,2,CHSL Exam,2023
Who among the following was the founder of the ‘Servants of India Society’?,Gopal Krishna Gokhale,Mahatma Gandhi,Jyotirao Phule,BR Ambedkar,history,1,CHSL Exam,2023
"In which of the following year, the ‘Quit India Movement’ was launched?",1940,1942,1944,1946,history,2,CHSL Exam,2023
"Select the option that can be used as a one-word substitute for the given group of
words.
A person who does not believe in the existence of God",Atheist,Priest,Theist,Satan,gk,1,CHSL Exam,2023
"Select the most appropriate option that can substitute the underlined segment in the
given sentence.
How do you think the internet has influenced how we utilise news and media?",has managed the patterns we ingest,has revoked the way we interact,has maintained how we receive,has impacted the way we consume,tech,4,CHSL Exam,2023
"Select the most appropriate synonym of the given word.
Indispensable",Destructive,Imperative,Drastic,Invariable,gk,2,CHSL Exam,2023
"Select the most appropriate synonym of the given word.
Soothe",Move,Pacify,Instigate,Escalate,gk,2,CHSL Exam,2023
"Select the most appropriate option that can substitute the underlined words in the
given sentence.
After he let the cat out of the bag about the surprise party, it was no longer a secret.",murmur in the ears,reveal a confidential information,show off to his friends,take the gifts and brag,gk,2,CHSL Exam,2023
"Select the most appropriate synonym of the given word.
Fervour",Apathy,Hatred,Enthusiasm,Disgust,gk,3,CHSL Exam,2023
"If there was such a thing as perfect food, eggs would be a ________ (1)________.",contender,compete,contend,quickly,health,1,CHSL Exam,2023
"They are readily available, easy to cook, affordable and packed ________ (2) ________ protein.",for,with,on,at,health,2,CHSL Exam,2023
Eating eggs alongside other food can ________ (3) ________ our bodies absorb more vitamins too.,interrogate,abate,questioned,help,health,4,CHSL Exam,2023
"But for decades, eating eggs has also been controversial due to their ________ (4) ________ cholesterol content—which some studies have linked to an increased risk of heart disease.",low,medium,ideal,high,health,4,CHSL Exam,2023
We ________ (5) ________ think of it as ‘bad’.,normally,remotely,excitedly,intermittently,health,1,CHSL Exam,2023
The book ‘Poverty and Un-British Rule in India’ was authored by,Dadabhai Naoroji,Gopal Krishna Gokhale,MG Ranade,S. Subramania Iyer,history,1,CHSL Exam,2023
Which of the following is NOT a folk dance of India?,Kathakali,Garba,Dandiya,Lavani,entertainment,1,CHSL Exam,2023
In which year was the ‘Rajiv Gandhi Khel Ratna Award’ renamed as ‘Major Dhyan Chand Khel Ratna Award’?,2019,2020,2021,2022,sports,3,CHSL Exam,2023
The Battle of Buxar was fought in the year,1764,1757,1774,1784,history,1,CHSL Exam,2023
Who among the following was the first woman to become the Governor of a state in India?,Sarojini Naidu,Indira Gandhi,Vijayalakshmi Pandit,Amrita Pritam,gk,1,CHSL Exam,2023
"Which of the following Articles of the Constitution of India deals with the formation of new States and alteration of areas, boundaries or names of existing States?",Article 2,Article 3,Article 4,Article 1,politics,2,CHSL Exam,2023
Who among the following was the founder of the ‘Forward Bloc’?,Subhas Chandra Bose,Chittaranjan Das,Motilal Nehru,Sardar Vallabhbhai Patel,history,1,CHSL Exam,2023
The ‘Kalinga War’ was fought in which year?,321 BC,261 BC,232 BC,185 BC,history,2,CHSL Exam,2023
Which of the following is the largest river island in the world?,Bhavani Island,Umananda Island,Majuli Island,Munroe Island,gk,3,CHSL Exam,2023
In which year was the ‘Planning Commission’ of India set up?,1947,1950,1952,1951,history,2,CHSL Exam,2023
"In economics, what does the abbreviation GDP stand for?",Gross Domestic Product,General Distribution of Products,Gross Demand and Production,General Department of Production,gk,1,CHSL Exam,2023
The ‘Green Revolution’ in India was introduced in the mid-1960s. Which of the following statements is true about it?,It was funded by international agencies.,It was a private-sector programme for agricultural modernization.,It was targeted mainly in the wheat and rice-growing areas.,It was introduced only in areas that had assured irrigation.,history,3,CHSL Exam,2023
Who among the following was awarded the Nobel Peace Prize for 2018?,Denis Mukwege,James P. Allison,Nadia Murad,Both Denis Mukwege and Nadia Murad,current_affairs,4,CHSL Exam,2023
"The book titled, ‘The Discovery of India’ was written by",Mahatma Gandhi,Jawaharlal Nehru,Indira Gandhi,Subhas Chandra Bose,history,2,CHSL Exam,2023
Which of the following is a famous dance from Rajasthan?,Kathakali,Ghoomar,Kuchipudi,Odissi,entertainment,2,CHSL Exam,2023
"Select the option that can be used as a one-word substitute for the given group of words.
A person who believes that all events are predetermined or subject to fate",Fatalist,Credulous,Egotist,Aristocrat,gk,1,CHSL Exam,2023
Unemployment is a major issue in India that (1)________millions of people across the country.,compromises,effects,controls,affects,gk,4,CHSL Exam,2023
"Despite being one of the fastest-growing economies in the world, India has struggled to create (2)________jobs to keep up with its rapidly expanding population.",enough,few,many,little,gk,1,CHSL Exam,2023
The unemployment rate in India varies widely (3)________ different states and regions.,from,between,across,amongst,gk,4,CHSL Exam,2023
"Young people, in particular, face significant challenges in finding employment. Many are highly educated but lack the skills and experience needed to (4)________ in a highly competitive job market.",expel,exaggerate,expand,compete,gk,4,CHSL Exam,2023
"Unemployment can have serious social and economic consequences, including poverty, crime and social (5)________.",cohesion,stigma,unrest,solidarity,gk,3,CHSL Exam,2023
"Select the option that can be used as a one-word substitute for the underlined group of words.
WHO is an organisation that raises money for a particular cause.",donation,volunteer,charity,fundraiser,gk,4,CHSL Exam,2023
"Select the option that can be used as a one-word substitute for the given group of words.
A form of government in which power is held by the nobility",Democracy,Aristocracy,Republic,Nobility,politics,2,CHSL Exam,2023
"Choose the correct meaning of the underlined word in the given sentence.
The World Health Organization has finally issued guidelines to prevent the spread of
the Covid-19 epidemic.","A large number of people or animals suffering from the same disease at the same
time",An infection which is caused by viruses,An infection that spreads slowly,A disease which lasts for more than fifty years,health,1,CHSL Exam,2023
"Select the INCORRECTLY spelt word.
The Special Task Force will conduct a thorough probe in the land scam case which
has Mr. Lakhan Lal as the prime akused.",Scam,Prime,Thorough,Akused,gk,4,CHSL Exam,2023
"Upgrading the higher education sector especially in terms of patents filed and cutting-edge
research output is (1)______ in improving India’s global ranking.",unrequired,deserving,fulfilling,essential,gk,4,CHSL Exam,2023
Our sustainable (2)______ development depends on human resources.,social,economic,psychological,political,gk,2,CHSL Exam,2023
"In higher education, the strategies of the
12th plan (3)______ on technical education, distance learning, quality research,
infrastructure, faculty, and curriculum content.",understand,attend,divert,focus,gk,4,CHSL Exam,2023
"(4)______ efforts of the government
departments and the private sector are needed to (5)______ the plan’s educational goals.",Sustained,Compromised,Coordinated,Gathered,gk,1,CHSL Exam,2023
the private sector are needed to (5)______ the plan’s educational goals.,remain,realise,conclude,conduct,gk,2,CHSL Exam,2023
Which of the following is NOT a stringed instrument?,Flute,Violin,Mandolin,Guitar,gk,1,CHSL Exam,2024
Which power were the Badami (or Vatapi) Chalukyas originally subjects of?,Hoysalas,Pallavas,Pandyas,Kadambas,history,4,CHSL Exam,2024
"According to the National Crime Records Bureau data, from 2016 to 2019, suicide cases due to unemployment have
increased by _________.",21%,24%,18%,20%,gk,2,CHSL Exam,2024
When was the Swarnajayanti Gram Swarozgar Yojana (SGSY) launched by the Government of India?,1995,1999,2000,1991,gk,2,CHSL Exam,2024
In the given main characteristics of farming which is NOT a characteristic of the Indian commercial farming?,Slash and burn,Chemical fertilisers,Insecticides and pesticides,High yielding variety seeds,gk,1,CHSL Exam,2024
On 26 January 1950 India became:,"a sovereign, democratic, republic state",a socialist and secular state,an independent state,a unitary state,politics,1,CHSL Exam,2024
"Which of the following is NOT one of the main pillars of the ‘Namami Gange Programme’, launched by the Government of
India in 2014?",Sewerage Treatment Infrastructure,River-Front Development,Industrial Effluent Monitoring,River Linkage Development,gk,4,CHSL Exam,2024
The song ‘Teri mitti’ is from which of the following movies?,Kesari,Rajniti,Satya Mev Jayte,Jai Ho,entertainment,1,CHSL Exam,2024
Which of the following statements about eutrophication is correct?,"It happens when too much carbon enriches the water, causing excessive growth of bacteria and reduced growth of plants.","It happens when too less nitrogen is present in the water, causing reduced growth of plants and algae.",It is a beneficial process for environment restoration.,"It happens when too much nitrogen enriches the water, causing excessive growth of plants and algae.",science,4,CHSL Exam,2024
Mohammad Yunus established which of the following banks in 1983?,Indian Bank,Union Bank,State Bank,Grameen Bank,gk,4,CHSL Exam,2024
In which year did Robert Brown observe the zigzag movement of colloidal particles in solution?,1829,1826,1828,1827,science,4,CHSL Exam,2024
"Which of the following are needed for Skype to function on a computer?
1) A web cam
2) A microphone
3) A speaker",Only 1 and 3,"1, 2 and 3",Only 2 and 3,Only 1 and 2,tech,2,CHSL Exam,2024
"Which is, by far, the closest dwarf planet orbiting at only 2.8 times Earth’s distance from the sun?",Makemake,Pluto,Eris,Ceres,science,4,CHSL Exam,2024
"According to Global Multidimensional poverty index (2022), which of the following groups of states is included in top 10
poorest states of India?",Punjab and Gujarat,Manipur and Nagaland,Karnataka and Tamil Nadu,Meghalaya and Madhya Pradesh,gk,4,CHSL Exam,2024
The default width of a column in MS-Excel is:,7 characters,9 characters,8 characters,6 characters,tech,3,CHSL Exam,2024
Which of the following statements is correct about the Five-Year Plan?,All Five-Year Plans have equal rates of growth.,The Planning Commission was constituted in 1951.,The first Five-Year Plan was started in 1951.,The President was the ex-officio chairperson of the Planning Commission.,gk,3,CHSL Exam,2024
Who among the followings won gold at the International Shooting Sport Federation (ISSF) junior world cup 2023?,Mahesh Pasupathy Anandakumar,Rajkanwar Singh Sandhu,Umamahesh Maddineni,Dhanush Srikanth,sports,4,CHSL Exam,2024
_________ is one of the first criticism of the caste system written by Mahatma Phule and published in the year 1873.,Gulami Ki Kahani,Gulamgiri,Bharat Mein Jaati Evam Prajaati,Jati ka Unmoolan,history,2,CHSL Exam,2024
Which of the following parts of the Indian Constitution is described as the ‘Magna Carta of India’?,Part IV,Part II,Part III,Part I,politics,3,CHSL Exam,2024
"‘Hampi Utsava,’ which is celebrated in Karnataka, is also called ____________. The festival that captures the pomp,
splendour and glory of the historical period of Karnataka is celebrated over a week.",Sarhul Mahotsava,Rajasi Utsava,Vijaya Utsava,Nritya Mahotsav,entertainment,3,CHSL Exam,2024
Nehru Institute of Mountaineering is located at ________.,Leh,Jammuand Kashmir,Himachal Pradesh,Uttarakhand,gk,4,CHSL Exam,2024
Which of the following dances developed in the monasteries of Assam?,Kuchipudi,Kathak,Bharatanatyam,Sattriya,entertainment,4,CHSL Exam,2024
"Which country do the ‘Veddas’ traditional forest dwellers who foraged, hunted and lived in close-knit groups in caves in the dense jungles?",Myanmar,Nepal,Bhutan,Sri Lanka,gk,4,CHSL Exam,2024
Which folk music is based on the Mahabharata with Bhima portrayed as hero?,Mando,Alha,Pandavani,Dandiya,entertainment,3,CHSL Exam,2024
Which amongst the following terms was used for the land given to Brahmins during the Chola empire?,Tirunmatukkani,Shalabhoga,Vellanvagai,Brahmadeya,history,4,CHSL Exam,2024
How might ICT enhance the openness of e-land records?,Enabling quick search and retrieval of land records,Enforcing strict regulations on land transactions,Facilitating manual record updates and amendments,Reducing the need for land surveys and assessments,tech,1,CHSL Exam,2024
Which of the following Articles of the Constitution of India CANNOT be amended with simple majority?,21,3,2,169,politics,4,CHSL Exam,2024
"In his ‘Drain of Wealth’ argument, who among the following stated that Britain was completely draining India?",Lala Lajpat Rai,Dadabhai Naoroji,Bal Gangadhar Tilak,Badruddin Tyabji,history,2,CHSL Exam,2024
How is the structure of health infrastructure and health care system in India?,Three-tier system,Four-tier system,Five-tier system,Two-tier system,health,1,CHSL Exam,2024
In which year did Indian archers participate in the Olympics for the first time?,1988,1973,1980,1975,sports,1,CHSL Exam,2024
Which language is known as ‘Italian of the East’?,Malayalam,Kannada,Marathi,Telugu,gk,4,CHSL Exam,2024
Which of the following states launched the first Migration Monitoring System in the year 2022?,Karnataka,Goa,Maharashtra,Kerala,current_affairs,3,CHSL Exam,2024
"As compared to monopolistic competition, the demand curve in a monopoly is:",infinitely elastic,equally elastic,more elastic,less elastic,gk,4,CHSL Exam,2024
Which group of animals has a segmented spinal column together with a few primitive forms in which the backbone is represented by a notochord?,Arthropoda,Echinodermata,Mollusca,Vertebrata,science,4,CHSL Exam,2024
What is the circumference of the International Football Association Board (IFAB) approved football?,80 - 82 cms,78 - 80 cms,68 - 70 cms,70 - 72 cms,sports,3,CHSL Exam,2024
"In field hockey, ________ occurs when a player pushes the ball and raises it off the ground.",flick,centre pass,slap,bully,sports,1,CHSL Exam,2024
What is the name of the highest peak of the Eastern Ghats?,Khasi,Anamudi,Mahendragiri,Kangchenjunga,gk,3,CHSL Exam,2024
"In MS Word, which option allows you to align text in a way that it appears vertically at the bottom of a cell or text box?",Distributed Alignment,Justify Alignment,Center Alignment,Bottom Alignment,tech,4,CHSL Exam,2024
"Which of the following is NOT associated with the Industrial Policy Resolution, 1956?",Regional equality was promoted.,It formed the basis of the Third Five Year Plan.,A system of licenses for the private sector was introduced.,It classified industries into three categories.,history,2,CHSL Exam,2024
Which of the following planets does NOT have a ring around it?,Jupiter,Saturn,Uranus,Mercury,science,4,CHSL Exam,2024
Writ of Mandamus is a Fundamental Right classifiable under:,the right to equality,cultural and educational rights,constitutional remedies,the right to freedom of religion,politics,3,CHSL Exam,2024
"In 2022, the National Green Tribunal advised which of the following Ministries to form a three-member panel to formulate safeguards and guidelines to be followed by the State Environment Impact Assessment Authorities?","Ministry of Environment, Forest and Climate Change",Ministry of Health and Family Welfare,Ministry of Law and Justice,Ministry of Home Affairs,current_affairs,1,CHSL Exam,2024
________ was sworn in as Central Vigilance Commissioner on 29 May 2023.,Uday Veer Singh,Praveen Kumar Srivastava,Arti C Srivastava,Sarvan Kumar,current_affairs,2,CHSL Exam,2024
Who is known as the ‘Father of Carnatic Music’?,Thirunal Rama Varma,Vishwanath Iyer,Vidyaranya,Purandara Dasa,entertainment,4,CHSL Exam,2024
The method of separating a mixture of soluble solids by dissolving them in a suitable hot solvent and then lowering the temperature slowly is called:,fractional crystallisation,dephlegmation,azeotropic distillation,sublimation,science,1,CHSL Exam,2024
Folk songs in _________ are called Raganis.,Uttar Pradesh,Madhya Pradesh,Haryana,Bihar,gk,3,CHSL Exam,2024
Mayadhar Raut is an exponent of the Indian classical dance form __________.,Kuchipudi,Odissi,Bharatnatyam,Kathak,entertainment,2,CHSL Exam,2024
Symmetric encryption is also known as:,hybrid encryption,public-key encryption,asymmetric encryption,conventional encryption,tech,4,CHSL Exam,2024
Mewar festival is celebrated during the _______ festival at Udaipur,Gangaur,Teej,Dusshera,Holi,entertainment,1,CHSL Exam,2024
Which of the following Articles prohibits traffic in human beings and forced labour?,Article 25,Article 28,Article 23,Article 22,politics,3,CHSL Exam,2024
"If there is a fall in the demand of a good, the equilibrium price is expected to:",fall,neither fall nor rise,Rise,"first rise, and then fall sharply",gk,1,CHSL Exam,2024
In which event at the 2023 U-20 Asian Athletics Championships did Siddharth Choudhary win a gold medal for India?,Discus throw,Hammer throw	,Triple jump	,Shot put	,sports,4,CHSL Exam,2024
The zone separating the troposphere from the stratosphere is called the ________________.,Stratomerge,Tropopause,Tropomerge,stratospause,science,2,CHSL Exam,2024
Which technology is associated with providing high-speed wireless data transmission for mobile devices?,GPRS,GPS,Wi-Max,LTE,tech,4,CHSL Exam,2024
"Of the football clubs listed below, which is the oldest in India?",Calcutta FC,Bombay FC,Madras FC,FC Kochin,sports,1,CHSL Exam,2024
Mendel proposed the law of independent assortment on the basis of __________.,genes	,dihybrid crosses	,alleles	,Monohybrid crosses	,science,2,CHSL Exam,2024
Which sub-division of Himalayas are famous for Karewa formations?,Uttarakhand Himalayas,Kashmir Himalayas,Arunachal Himalayas,Sikkim Himalayas,gk,2,CHSL Exam,2024
"After independence, the Census Act was enacted in India in the year __________.",1960,1955,1962,1948,history,4,CHSL Exam,2024
"Who wrote the Indian patriotic song, ‘Sare Jahan se acchha, Hindustan hamara’?",Rabindranath Tagore,Ishwar Chandra Vidyasagar,Mohammad Iqbal,Mahatma Gandhi,history,3,CHSL Exam,2024
Which of the following is NOT a domestic cricket tournament organised by the Board of Control for Cricket in India (BCCI) in India?,Vizzy Trophy,Super Fours,Ranji Trophy,ZR Irani Cup,sports,2,CHSL Exam,2024
Which of the following Articles of the Constitution of India deal with citizenship?,Article 10 – 17,Article 8 – 15,Article 5 – 11,Article 12 – 18,politics,3,CHSL Exam,2024
Who discovered the atomic number based on X-ray wavelength in 1913?,AEB de Chancourtois	,Dmitri Mendeleev	,Henry Moseley,RA Millikan,science,3,CHSL Exam,2024
In which country is the ‘Kachin Manaw Festival’ celebrated?,Sri Lanka,Myanmar,Nepal,Maldives,gk,2,CHSL Exam,2024
Which of the following is more important to promote modernisation and overall prosperity of a country?,Stable export	,Stable employment	,Stable import	,Stable unemployment	,gk,2,CHSL Exam,2024
"Which organisation launched the Indian Customs Compliance Information Portal (CIP) for providing free access to information on all Customs procedures and regulatory compliance for nearly 12,000 Customs Tariff items in the year 2021?",Central Board for Indirect Taxes & Customs,Income Tax Settlement Commission,Central Board for Direct Taxes,Directorate of Enforcement,current_affairs,1,CHSL Exam,2024
"On 31 October 1940, who among the following was arrested for offering individual Satyagraha to protest against India’s forced participation in Second World War?",Saifuddin Kitchlew,Subhas Chandra Bose,Jawaharlal Nehru,Sardar Vallabhbhai Patel,history,3,CHSL Exam,2024
"April 2023, the Maharashtra government has approved how much percentage of reservation for Divyang employees in promotions?",5%,2%,3%,4%,current_affairs,1,CHSL Exam,2024
Who among the following was the founder of ‘Vikramshila Vishwavidyalaya’?,Dharmapala,Mahipala I,Govindapala,Ramapala,history,1,CHSL Exam,2024
"Folk music sung on the birth of a child in some Indian states like Bihar, Uttar Pradesh, etc. is called _____.","	
gari","	
banna","	
kohbar",sohar	,entertainment,4,CHSL Exam,2024
The country's infrastructure vision for FY-2025 and the first exercise to be conducted in India is named as __________.,National Infrastructure Plan,National Infrastructure Pipeline,National Infrastructure Projects,National Infrastructure Planning,current_affairs,2,CHSL Exam,2024
Which of the following books was unveiled by the Union Minister Giriraj Singh in year 2022?,Heartfelt: The legacy of faith,Agenda for Members of Panchayati Raj Institutions for Rural Development,Modi @20: Dreams meet delivery,Pandemic disruptions and Odisha’s lessons in governance,current_affairs,2,CHSL Exam,2024
"‘The Life Divine’, ‘The Synthesis of Yoga’ and ‘Savitri’ are the popular works of which of the following extremist freedom fighters of India?",Lala Lajpat Rai,Aurobindo Ghosh,Bal Gangadhar Tilak,Bipin Chandra Pal,history,2,CHSL Exam,2024
Which of the following statements accurately describes application software?,Application software is used only by software developers and does not impact regular users.,Application software refers to the operating system that provides a user-friendly interface to interact with the computer.,Application software is responsible for managing and controlling computer hardware components.,Application software is designed to perform specific tasks or functions to meet the user’s needs.,tech,4,CHSL Exam,2024
Which is the only surviving specimen of the ancient Sanskrit theatre recognised by UNESCO as a Masterpiece of the Oral and Intangible Heritage of Humanity?,Kutiyattam,Kathakali	,Yakshagana	,Bhavai	,entertainment,1,CHSL Exam,2024
The velocity of circulation of money will be higher when the ________ is less than the requirements of the economy.,velocity of money,elasticity of money,demand for money,supply of money,gk,4,CHSL Exam,2024
"Suppose a mine worker asks his son, aged 9 years, to help him in his work instead of going to school. Which Article of the Constitution of India will be violated in this case?",Article 18,Article 24,Article 20,Article 29,politics,2,CHSL Exam,2024
"In 1835, who developed the process of applying a thin layer of metallic silver to one side of a clear glass pane and created the first mirror?",CV Raman,Victor Francis Hess,CH Townes,Justus von Liebig,science,4,CHSL Exam,2024
Where is the Kailasa temple built by Rashtrakutas located?,Ellora,Amravati,Kanchi,Hampi,history,1,CHSL Exam,2024
The 10th Five-Year Plan aimed at reducing poverty by:,2%,5%,8%,9%,gk,2,CHSL Exam,2024
Which of the following is NOT mentioned in fundamental duties provided under Indian Constitution?,To join Defence forces,To develop scientific temper,To safeguard public property,To respect the national flag,politics,1,CHSL Exam,2024
"In MS Word, which option allows you to quickly remove all formatting from selected text while retaining the underlying text content?",Clear Formatting,Paste Special,Cut,Format Painter,tech,1,CHSL Exam,2024
Which of the following statements is correct?,Mars is the warmest planet.,The size of Jupiter and Mars is similar.,The size of Earth and Venus is almost similar.,The density of Saturn is similar to that of Earth.,science,3,CHSL Exam,2024
"Kalbelia dance, also known as the 'Sapera Dance', is the folk dance of ________.",Madhya Pradesh,Rajasthan	,Gujarat,Uttar Pradesh,entertainment,2,CHSL Exam,2024
Where was the 36th National Games of India held in the year 2022?,Kerala,Delhi,Goa,Gujarat,sports,4,CHSL Exam,2024
"The Salal Project, also called the Salal Hydroelectric Power Station, is on which river?",Ganga,Ravi,Krishna,Chenab,gk,4,CHSL Exam,2024
When is National Javelin Day celebrated in India?,7th August,6th August,12th January,29th August,sports,1,CHSL Exam,2024
In which of the following plants do roots arise from parts of a plant other than the radicle?,Monstera,Turnip,Mustard plant,Maize,science,1,CHSL Exam,2024
What is Miyan ki Todi in Hindustani music?,Chhand,Raag,Kirtan,Tanam,entertainment,2,CHSL Exam,2024
What is the literacy rate of males in India as per the report published in the National Survey of India-2022?,83.4%,86.3%,84.7%,81.2%,gk,3,CHSL Exam,2024
"On 11 August 2021, the General Insurance Business (Nationalisation) Amendment Bill, 2021 was passed by the Parliament and it amended the __________.","Life Insurance (Nationalisation) Act, 1975","General Business (Nationalisation) Act, 1970","Motor Insurance (Nationalisation) Act, 1980","General Insurance Business (Nationalisation) Act, 1972",current_affairs,4,CHSL Exam,2024
__________ was named as the new Shiv Sena president at the party national executive meeting in Mumbai in 2023.,Eknath Shinde,Narayan Rane,Rahul Ramesh Shewale,Aditya Uddhav Thackeray,politics,1,CHSL Exam,2024
"The Parliament of India has passed the 86th Constitutional Amendment Act 2002, which establishes the basic rights of primary education for children between:",7-16 Years,5-11 years,6-14 Years,6-17 Years,politics,3,CHSL Exam,2024
Which Commission drew the boundary line between India and Pakistan?,Radcliffe Boundary Commission,Gandhi Irwin Pact,Hilton Young Commission,Bretton woods Commission,history,1,CHSL Exam,2024
In which Gharana do singers perform the Khandhar Vani and Gauhar Vani?,Talwandi Gharana,Darbhanga Gharana,Dagari Gharana,Bettiah Gharana,entertainment,3,CHSL Exam,2024
Delhi ridge is the water divide between which of the following rivers?,Ganges and Yamuna,Indus and Mahi,Ganges and Indus,Ganges and Sind,gk,3,CHSL Exam,2024
The slide number can be added to each slide of the MS PowerPoint presentation from which of the following?,Page Formatting,View,Footer,Table Design,tech,3,CHSL Exam,2024
Which of the following statements most accurately describes the Cyclostomata group?,"They are ectothermic animals having mucus glands in the skin, and a three-chambered heart.","They are warm-blooded, oviparous, bipedal, feathered, winged and toothless vertebrates.","They are characterised by having an elongated eel-like body, circular mouth, slimy skin and are scaleless.",Their skin is covered with scales/plates and their hearts have only two chambers.,science,3,CHSL Exam,2024
"What is/are the objective(s) of Fiscal Policy?
1) Boost growth
2) Control inflation",Neither 1 nor 2,Both 1 and 2,Only 2,Only 1,gk,2,CHSL Exam,2024
The Fundamental Duties of Citizens were introduced by the 42nd Amendment in the year:,1978,1980,1976,1988,politics,3,CHSL Exam,2024
In which year did Swami Vivekananda give his speech at the Chicago Parliament of Religions?,1892,1891,1890,1893,history,4,CHSL Exam,2024
"Where did India win its last Olympic medal in men’s hockey? (As of March, 2024).",Tokyo,Rio,Munich,Mexico City,sports,1,CHSL Exam,2024
"Which of the following statement/(s) is /are true with respect to Supreme Court Observation in A.G. Perarivalan vs The State Of Tamil Nadu State?
1. It highlighted that the Governor’s powers are qualified by the constitutional mandate, chiefly requiring them to act in aid and advice of the council of ministers
2. The bench headed by justice L Nageswara Rao ordered the freedom of one of the convicts in the Rajiv Gandhi assassination case.
3. The bench was of the opinion that there are three sources of power-Governor, Council of Ministers and the Constitution.",Only 1,Both 1 and 2,Only 3,Both 2 and 3,politics,2,CHSL Exam,2024
Which of the following is NOT the colour of a warning card in kabaddi?,Black,Red,Green,Yellow,sports,1,CHSL Exam,2024
Articles 344 (1) and 351 of the Constitution of India are related to the:,Third Schedule,Sixth Schedule,Fifth Schedule,Eighth Schedule,politics,4,CHSL Exam,2024
Which Mughal ruler was responsible for the execution of Guru Tegh Bahadur in the year 1675?,Aurangzeb,Shahjahan,Akbar,Jahangir,history,1,CHSL Exam,2024
Match the states in column A with their official languages in column B.,"1-b, 2-a, 3-c, 4-d","1-b, 2-a, 3-d, 4-c","1-a, 2-b, 3-d, 4-c","1-a, 2-b, 3-c, 4-d",gk,2,CHSL Exam,2024
Which of the following isotopes is used as a fuel in nuclear power plants for generating electricity?,Uranium- 235,Arsenic-74,Carbon-14,Sodium-24,science,1,CHSL Exam,2024
Most major sports awards are accompanied by a cash reward. Which of the following is the only national sports award that does NOT include a cash reward?,Rashtriya Khel Protsahan Puruskar,Major Dhyan Chand Khel Ratna,Maulana Abul Kalam Azad Trophy,Dronacharya Award,sports,1,CHSL Exam,2024
The famous folk music of Rajasthan that was developed in royal courts is known as:,Dandiya,Sohar,Lavani,Maand,entertainment,4,CHSL Exam,2024
The Howrah bridge was officially opened in the year _______.,1943,1948,1930,1935,gk,1,CHSL Exam,2024
Which of the following statements about planet Saturn is true?,"Satellites like Enceladus and Titan of Saturn are home to internal oceans, could possibly support life.",Saturn is the fourth planet from the Sun and the largest planet in our solar system.,Saturn's environment is conducive to life.,Saturn is a massive ball made up mostly of nitrogen.,science,1,CHSL Exam,2024
"The Lucknow Gharana of Kathak was founded by ___________ , a devotee of the Bhakti movement who lived in southeast Uttar Pradesh.",Bhagwan Ram,Ishwari Prasad,Shyam Kumar,Ram Kumar,entertainment,2,CHSL Exam,2024
"In Microsoft Office, how is the font size determined?",Pixels,Points,Inches,Centimetres,tech,2,CHSL Exam,2024
Which star is also known as the ‘Pole Star’?,The West star,The South star,The North star,The East star,gk,3,CHSL Exam,2024
"According to Census 2011, which union territory recorded the highest female literacy rate in India?",Delhi,Lakshadweep,Chandigarh,Puducherry,gk,2,CHSL Exam,2024
"In Equestrian sports, ______ occurs when a horse or rider lowers an element of a jump that establishes the height of an obstacle.",canter,curb,clean round,knockdown,sports,4,CHSL Exam,2024
Which group of states was concentrated in the cotton production in the early years to develop textile industry?,West Bengal and Odisha,Bihar and West Bengal,Maharashtra and Gujarat,Punjab and Haryana,history,3,CHSL Exam,2024
Which of the following hills is located in the Eastern most part of India?,Patkai Bum Hills,Jaintia Hills,Khasi Hills,Garo Hills,gk,1,CHSL Exam,2024
Who among the following is NOT associated with the Green Revolution?, MS Swaminathan, P Chidambaram,Norman Borlaug,Chidambaram Subramaniam,gk,2,CHSL Exam,2024
Who among the following is related to Hindustani classical singing?,Mallikarjun Mansur,Srinavasa Iyer,Aruna Sairam,Ramanuj Iyengar,entertainment,1,CHSL Exam,2024
The original constitution did NOT mention any fundamental duty because:,initially fundamental duties were not expected to be performed,it was expected that the citizens of the country would perform their duties willingly,it was expected that the citizens of the country would perform their duties forcefully,initially fundamental duties were punishable as per the constitution,politics,2,CHSL Exam,2024
Which of the following measures can be adopted by the government to reduce revenue deficit?,Offering freebies,Increasing subsidies,Increasing money supply,Tax reforms,politics,4,CHSL Exam,2024
"Every year in the month of February, this camel festival is organised by Rajasthan Tourism Development Corporation in __________.",Barmer,Bikaner,Jaisalmer,Jodhpur,entertainment,2,CHSL Exam,2024
MLAs in which of the following states/UTs received an increase of about 66% in salaries and allowances w.e.f. 14 February 2023?,Tamil Nadu,Lakshadweep,Delhi,Bihar,current_affairs,3,CHSL Exam,2024
From which book is the national song of India compiled?,Anand Math,Mandukya Upanishad,Katha Upanishad,Bharat Bharti,history,1,CHSL Exam,2024
Who was the first person to conduct a systematic study of chromosomes during division and called this process mitosis?,Friedrich Miescher,Thomas Hunt Morgan,Antonie van Leeuwenhoek,Walther Flemming,science,4,CHSL Exam,2024
"In cricket, a fast, head-high delivery of the ball is referred to as ________.",grubber,leg-bye,duck,bouncer,sports,4,CHSL Exam,2024
"According to the Census of India 2011, which of the following states has the largest Buddhist population?",Uttar Pradesh,Maharashtra,Madhya Pradesh,West Bengal,gk,2,CHSL Exam,2024
Which function is used to calculate the maximum value in a selected column in MS Excel?,Auto max,High,Max,Auto high,tech,3,CHSL Exam,2024
Which British colonel is remembered as the Butcher of Amritsar for his role in the Jallianwala Bagh massacre in 1919?,Reginald Dyer,Robert Clive,William Birdwood,William Slim,history,1,CHSL Exam,2024
Thee 42nd Constitutional Amendment Act of Indian Constitution was passed in the year ________.,1976,1977,1978,1979,history,1,CHSL Exam,2024
In which of the following liquids would anthracene dissolve easily?,Benzene,Sodium chloride,Methane,Water,science,1,CHSL Exam,2024
"In March 2023, the Uttarakhand government had approved how much horizontal reservation for statehood activists in state government jobs?",10%,15%,8%,5%,politics,1,CHSL Exam,2024
The Press and Registration of Books (PRB) Act was enacted in which year?,1887,1877,1867,1857,history,3,CHSL Exam,2024
Who amongst the following Delhi Sultanate rulers sent his army under Malik Kafur’s command to conquer South India?,Ghiyas-ud-din Balban,Iltutmish,Alauddin Khilji,Qutub-al-din Aibak,history,3,CHSL Exam,2024
"The Citizenship Act, 1955 does NOT deal with ____________.",termination,election,determination,acquisition,politics,2,CHSL Exam,2024
Which of the following animals can change their gender during their life span?,Ascaris,Humans,nereis,Snail,science,4,CHSL Exam,2024
Match the following renewable sources of energy with their producing regions in India correctly.,"1-b, 2-c, 3-a","1-a, 2-b, 3-c","1-b, 2-a, 3-c","1-c, 2-b, 3-a",gk,4,CHSL Exam,2024
"Khubakeshei is a kind of song accompanied by clapping, sung in the state of _____.",Manipur,Bihar,Karnataka,Odisha,entertainment,1,CHSL Exam,2024
Which of the following methods measures poverty on the basis of income and consumption levels?,Poverty limit,Poverty line,Poverty bar,Poverty band,gk,2,CHSL Exam,2024
The Lushai Hills are also known as ______. ,Mizo Hills,Khasi Hills,Patkai Hills,Naga Hills,gk,1,CHSL Exam,2024
Where is Birsa Munda International Hockey Stadium located?,Bhubaneswar,Jamshedpur,Ranchi,Rourkela,sports,4,CHSL Exam,2024
"To enhance the interoperability between the Indian and Russian Armies, a joint training exercise called _________ commenced at Prudboy Ranges, Volgograd in the year 2021.",SHAKTI 2021,INDRA 2021,SURYA KIRAN 2021,VARUNA 2021,current_affairs,2,CHSL Exam,2024
Which of the following is the maximum file size that can be attached to an email message in Gmail?,100 MB,200 MB,50 MB,25 MB,tech,4,CHSL Exam,2024
The famous folk music ‘Hekialeu’ has its origin in which state?,Tami Nadu,Nagaland,Goa,Assam,entertainment,2,CHSL Exam,2024
The British Government passed a law in the year 1856. It was meant for which among the following social reforms?,Abolition of the Practice of Sati,Widow Remarriage,Abolition of Practice of Child Marriage,Law against Murdering of Female Child,history,2,CHSL Exam,2024
A circular coil having ‘n’ turns produces a field ______________ times large as that produced by a single turn,2n,n,4n,3n,science,2,CHSL Exam,2024
Which of the following statements is INCORRECT regarding the Coriolis force?,It is absent at the equator.,Deflection is less when the wind is high.,It deflects the wind to the right in the north and left in the south.,It is directly proportional to the angle of altitude,science,4,CHSL Exam,2024
"Which of the following state is the best governed state in the large states category as per the Public Affairs Index, 2020, which was released by the Public Affairs Centre, a non-profit organisation?",Odisha,Bihar,Kerala,Uttar Pradesh,gk,3,CHSL Exam,2024
"In April 2023, Wing Commander Deepika Misra received which of the following awards?",Vayu Sena Medal,Uttam Yudh Seva Medal,Vir Chakra,Shaurya Chakra,current_affairs,1,CHSL Exam,2024
"Gugga is the famous ritualistic dance of ________, which is performed in the procession taken out in memory of Gugga Pir.",Puducherry,Uttar Pradesh,Haryana,Jammu & Kashmir,entertainment,3,CHSL Exam,2024
What takes place when you click the Save button or press Ctrl + S in Microsoft Word?,The document is copied to the clipboard.,The document is printed.,The document is closed.,The document is saved in a disk file.,tech,4,CHSL Exam,2024
What is the colour of the sending off card in football?,Black,Red,Blue,Yellow,sports,2,CHSL Exam,2024
Maldives are located to the south of which island of India?,Andaman and Nicobar,Lakshadweep,Japan,Sri Lanka,gk,2,CHSL Exam,2024
At which place was the magnificent temple of Saiva constructed by the great Rashtrakuta King ‘Krishna I’?,Kanchi,Badami,Kannauj,Ellora,history,4,CHSL Exam,2024
"Which of the following Articles of the Constitution states that ‘It shall be the duty of every citizen of India to promote harmony and the spirit of common brotherhood amongst all the people of India transcending religious, linguistic and regional or sectional diversities; to renounce practices derogatory to the dignity of women.’?",51 A (b),51 A (d),51 A (e),51 A (c),politics,3,CHSL Exam,2024
Which of the following is the correct formula for calculating NNP?,NNP = GNP – DEPRECIATION,NNP = GNP + DEPRECIATION,NNP = GDP – INCOME,NNP = GDP – DEPRECIATION,gk,1,CHSL Exam,2024
Which of the following musical forms in Carnatic Classical is the simplest composition of raga?,Varnam,Pada,Gitam,Kirtnam,entertainment,3,CHSL Exam,2024
How can you insert a blank row at the top of a worksheet?,Right-click on the row number and select Insert.,Drag the mouse on the row border to select the row and click Insert in the Cells group on the Home tab.,Click on the row number and press the Insert key on the keyboard.,Click on the row number and press the Delete key on the keyboard.,tech,1,CHSL Exam,2024
"In Microsoft PowerPoint, what is the shortcut key combination to insert a new slide in a presentation?",Ctrl + N,Ctrl + D,Ctrl + I,Ctrl + M,tech,4,CHSL Exam,2024
Which of the following was a feature of the Indian economy before the British rule?,Prosperous economy,Self-reliant economy,Dependent economy,Independent economy,history,2,CHSL Exam,2024
A distinctive cross-shaped	constellation	best seen in the northern hemisphere during the summer and fall months around September is:,Pegasus,Ursa Major	,Cassiopeia	,Cygnus		,science,4,CHSL Exam,2024
Which of the following dynasties’ genealogy was found in the Bijolia inscription?,Gahadavala,Parmara,Chahamana,Chandela,history,3,CHSL Exam,2024
"In Kabaddi, a super tackle is when a raider is caught/self out/declared out with or less than how many defenders defending?",Four,Three,Six,Five,sports,2,CHSL Exam,2024
"In April 2023, India’s External Affairs Minister S Jaishankar launched the project for restoration of which of the following ghats?",Manikarnika Ghat,Assi Ghat,Cheer Ghat,Tulsi Ghat,current_affairs,4,CHSL Exam,2024
"In which year did Eric A. Cornell, Wolfgang Ketterle and Carl E. Wieman receive the Nobel Prize in Physics for the achieving 'Bose-Einstein condensation in dilute gases of alkali atoms'?",2002,2000,2001,2003,science,3,CHSL Exam,2024
In which judgement did the Supreme Court extend the scope of Article 21 and observed that ‘the Right to education flows directly from the Right to life’?,Kharak Singh v State of UP,Malak Singh v State of Punjab,Mohini Jain v State of Karnataka,Neerja Choudhari v State of M. P.,politics,3,CHSL Exam,2024
When did the first War of Indian Independence (Sepoy Mutiny) start?,1819,1887,1857,1839,history,3,CHSL Exam,2024
"Which of the following Articles was amended by The Constitution Fiftieth Amendment Act, 1984?",Article 56,Article 33,Article 78,Article 99,politics,2,CHSL Exam,2024
___________ has called the Right to Constitutional Remedy as the ‘Soul of the Constitution’.,Dr. BR Ambedkar,Lal Lajpat Rai,Jawaharlal Nehru,Bal Gangadhar Tilak,politics,1,CHSL Exam,2024
Which type of soil is found on about 40% of the total area of India?,Black soil,Red and Yellow soil,Laterite soil,Alluvial soil,gk,4,CHSL Exam,2024
_____ at Market Price refers to the sum total of factor incomes earned by residents of a country during an accounting year including net indirect taxes.,Net Domestic Product (NDP),Gross Domestic Product (GDP),Gross National Product (GNP),Net National Product (NNP),gk,2,CHSL Exam,2024
"According the Census of India 2011, which group of states has the least urban population?",Himachal Pradesh and Meghalaya,Himachal Pradesh and Bihar,Uttar Pradesh and Bihar,Madhya Pradesh and Bihar,gk,1,CHSL Exam,2024
________ was an Indian dancer and choreographer best known for creating a fusion style of dance adapting European theatrical techniques to Indian classical and folk-dance forms.,Smita Nagdev,Ravi Shankar,Shovana Narayan,Uday Shankar,entertainment,4,CHSL Exam,2024
"Who among the following wrote the popular Telugu patriotic song ‘Desamunu preminchumanna, manchi annadi penchumanna’ meaning ‘Love the nation, grow the goodness’?",Goparaju Ramachandra Rao,Gurajada Apparao,Sri Krishnadevaraya,Bammera Potana,entertainment,2,CHSL Exam,2024
Lakshmibai National Institute of Physical Education (LNIPE) is located at ______.,Madhya Pradesh,Haryana,Punjab,Uttar Pradesh,gk,1,CHSL Exam,2024
Which of the following districts of India has the highest literacy rate as per Census 2011?,Champhai,Serchhip,Idukki,Ernakulam,gk,2,CHSL Exam,2024
How many countries participated in the first Asian Games held in 1951?,24,11,16,20,sports,2,CHSL Exam,2024
The Bist Doab Canal System and Makhu Canal System are associated with which state of India?,Punjab,Assam,Uttar Pradesh,Gujarat,gk,1,CHSL Exam,2024
"On 9 August 2021, the Parliament had passed the Limited Liability Partnership (Amendment) Bill, 2021. It amended the:","Limited Liability Partnership Act, 2012","Limited Liability Partnership Act, 2008","Limited Liability Partnership Act, 2004","Limited Liability Partnership Act, 2016",politics,2,CHSL Exam,2024
Which of the following statements about climate is INCORRECT?,Coastal areas of India experience less contrasts in temperature conditions as compared to the interior of the country.,India experiences comparatively stronger winters as compared to central Asia.,India’s climate has characteristics of tropical as well as subtropical climates.,‘Monsoon’ type of climate is found mainly in south and southeast Asia.,gk,2,CHSL Exam,2024
What kind of technology is most frequently used to manage and digitise e-land records?,Blockchain,Augmented Reality (AR),Geographic Information System (GIS),Virtual Reality (VR),tech,3,CHSL Exam,2024
What is the main sense organ that virtual reality displays are aiming for?,Smell,Taste,Vision,Touch,tech,3,CHSL Exam,2024
"According to Census of India 2011, which of the following states recorded the least population?",Tamil Nadu, Gujarat,Sikkim , Punjab,gk,3,CHSL Exam,2024
"Which state is introduced India’s first ‘Right to Health Care Act, 2022'?",Kerala,Rajasthan,Assam,Chhattisgarh,politics,2,CHSL Exam,2024
"In May 2023, the Supreme Court of India issued a set of directions to strengthen the POSH Act. To which of the following is this Act related?",Food security,Sexual harassment of women at workplace,Amenities in jails,Child trafficking,politics,2,CHSL Exam,2024
Which is the largest part of the northern plains and is formed of older alluvium?,Terai,Bhangar,Khadar,Bhabar,gk,2,CHSL Exam,2024
"According to the Census of India, who are considered to be literates?","Person aged eighteen and above, who can both read and write with understanding in any language ","Person aged seven and above, who can both read and write with understanding in any language","Person aged five and above, who can both read and write with understanding in any language","Person aged fifteen and above, who can both read and write with understanding in any language ",gk,2,CHSL Exam,2024
Which of the following enzymes are essential of DNA replication in an animal cell?,"Reverse transcriptase, DNA polymerase, DNA primase","Topoisomerase, DNA ligase, DNA polymerase, DNA primase","Reverse transcriptase, RNA polymerase, Ligase","Reverse transcriptase, DNA polymerase, Ligase",science,2,CHSL Exam,2024
Certiorari comes under the:,right against exploitation,right to constitutional remedies,right to equality,right to religious freedom,politics,2,CHSL Exam,2024
Balban followed the tradition of ‘Sijda and Pabos’ from which of following traditions?,Persian,Chinese,Mangol,Roman,history,1,CHSL Exam,2024
Which of the following statements is correct with respect to the Badminton game and match length?,A match consists of the best of five games of 21 points.,A match consists of the best of two games of 21 points.,A match consists of the best of four games of 21 points.,A match consists of the best of three games of 21 points.,sports,4,CHSL Exam,2024
Jamshedi Navroz is a festival of _________ community.,Hindu,Jain,Parsi,Christian,gk,3,CHSL Exam,2024
Indian athlete Shaili Singh won bronze medal in women's long jump at the Golden Grand Prix 2023 athletics meet held at ________.,South Korea,Japan ,Singapore,Malaysia,sports,2,CHSL Exam,2024
Which of the following Indian classical dances has originated from Andhra Pradesh?,Odissi ,Mohiniattam ,Kathakali ,Kuchipudi ,entertainment,4,CHSL Exam,2024
Which from following unemployment scheme was extended by the government of India for a period of two years from July 2022 to June 2024?,Aatmanirbhar Bharat Rojgar Yojana,Pradhan Mantri Berojgari Bhatta Yojana,Grameen Udyami Yojana,Atal Beemit Vyakti Kalyan Yojana,politics,1,CHSL Exam,2024
"The Ghadar Party was founded in _______ by Sohan Singh Bhakna, Kanshi Ram, Harnam Singh Tundilat, Lala Har Dayal and others.",1901,1913,1905,1910,history,2,CHSL Exam,2024
Which folk music of Jammu and Kashmir is sung in wedding ceremonies?,Baul,Alha,Panihari,Wanawun,entertainment,4,CHSL Exam,2024
Who was the first female Indian wrestler to win Gold at the Commonwealth Games?,Geeta Phogat,Babita Phogat,Sakshi Malik,Alka Tomar,sports,3,CHSL Exam,2024
_________ Fundamental Duties were added in Part-IV of the Constitution under Article 51-A in the year 1976 through the 42nd Constitutional Amendment.,Eight,Ten,Twelve,Nine,politics,2,CHSL Exam,2024
"In 2000-01, NABARD instituted Micro Finance Development Fund with a corpus of ________.",₹245 crores,₹100 crores,₹150 crores,₹189 crores,gk,2,CHSL Exam,2024
The Yakshagana is the dance-drama primarily associated with which of the following states?,Himachal Pradesh,Karnataka,Bihar,Odisha,entertainment,2,CHSL Exam,2024
In which year did Hans Christian Oersted discover that a compass needle gets deflected when an electric current passes through a metallic wire placed nearby?,1826,1824,1820,1822,science,3,CHSL Exam,2024
How many fundamental duties were recommended to be inserted in the Indian Constitution by the Swarna Singh Committee?,7,6,8,9,politics,3,CHSL Exam,2024
Parkash Singh Badal passed away in April 2023. He served as Chief Minister of _______ for five times.,Bihar,Punjab,Himachal Pradesh,Haryana,current_affairs,2,CHSL Exam,2024
Which feature in MS Word allows you to see a document's layout and formatting as it will appear when printed?,Draft View,Screen View,Print Preview,Reading View,tech,3,CHSL Exam,2024
In whose ashram did the Beatles compose rock music in 1968 influenced by classical music?,Maharshi Mahesh Yogi Ashram,Osho Rajnish Ashram,Pandit Ravishankar Ashram,Maharshi Aurobindo Ashram,entertainment,1,CHSL Exam,2024
What is the standard weight of hammer for women in the hammer throw event?,6 kg,8 kg,4 kg,5 kg,sports,3,CHSL Exam,2024
Brihadiswara Temple of Tanjore was built by which of the following Chola emperors?,Rajendra I,Raja Raja Chola,Vijayalaya,Chamunda Raya,history,2,CHSL Exam,2024
In which of the following years did the Constitution (One Hundredth Amendment) Act come into force?,2001,2020,2015,2009,politics,3,CHSL Exam,2024
"On 12 September 2002, ISRO launched the Kalpana-1 satellite using the Polar Satellite Launch Vehicle. What is the application of this satellite?",Disaster management system,Climate & environment communication,Earth observation,Planetary observation,tech,2,CHSL Exam,2024
Which of the following writs in Latin means ‘we command’?,Prohibition,Habeas corpus,Quo-warranto,Mandamus,gk,4,CHSL Exam,2024
What is the primary aim of Regional Rural Banks in India?,Development of rural economy,Development of urban economy,Development of semi-urban economy,Development of metropolitan economy,gk,1,CHSL Exam,2024
In which state is the Nanda Devi Biosphere Reserve located?,Uttarakhand,Himachal Pradesh,Assam,Odisha,gk,1,CHSL Exam,2024
Which was the first programmable general purpose computer in the world?,Pascaline,Napier's bones,ENIAC,Mark I,tech,3,CHSL Exam,2024
Which country’s national game is Chinlone (Caneball)?,Afghanistan,Bhutan,China,Myanmar,sports,4,CHSL Exam,2024
"Which Act was enacted by the British which regulated the manufacture, sale, possession and transport of firearms?","Indian Arms Act, 1878","The Arm Rules, 1839","The Arms Act,1857","The Firearms Act, 1871",history,1,CHSL Exam,2024
Which classical dance was introduced by the great Vaishnava saint and reformer of Assam?,Kuchipudi,Odissi,Kathak,Sattriya,entertainment,4,CHSL Exam,2024
India hosted Men’s Hockey World Cup in 2023 at:,Bhubaneswar and Rourkela,Patna and Gaya,Nashik and Nagpur,Amritsar and Bathinda,sports,1,CHSL Exam,2024
The Atal Tunnel has been built by Border Road Organisation at an altitude of 3000 metres. Which places are connected by this tunnel?,Shimla to Ladakh,Shimla to Srinagar,Manali to Shimla,Manali to Lahaul-Spiti,gk,4,CHSL Exam,2024
Which type of system did the leaders of independent India decide to adopt?,A system that would promote the welfare of the government,A system that would promote the welfare of few rather than all,A system that would promote the welfare of all rather than a few,A system that would promote the welfare of private enterprises,politics,3,CHSL Exam,2024
The 9th Men's ICC T20 World Cup Cricket 2024 will be hosted by which of the following countries?,Canada and USA,India and Sri Lanka,West Indies and USA,India and Bangladesh,sports,3,CHSL Exam,2024
In which year did Wilhelm Johannsen coin the term ‘gene’ to describe the Mendelian units of heredity?,1909,1900,1920,1910,science,1,CHSL Exam,2024
Electrochemical cell is a device which converts chemical energy into electrical energy in a/an _____.,oxidation reaction,reduction reaction,direct redox reaction,indirect redox reaction,science,3,CHSL Exam,2024
"In classical Carnatic music, tempo is called as ________.",gita,laya,achala,padam,entertainment,2,CHSL Exam,2024
Brihadiswara Temple which exhibits Dravidian temple architecture is located in __________.,Thanjavur	,Dharmapuri	,Madurai	,Thiruvanathapuram	,history,1,CHSL Exam,2024
"In cricket, ________ is called by the umpire when the bowler doesn’t deliver the ball within reach of the batter.",wide	,dead ball	,no ball,yorker,sports,3,CHSL Exam,2024
Which of the following rocky planets is the fastest planet in our solar system – traveling through space at about 29 miles (47 kilometres) per second?,Earth,Venus,Mars,Mercury,science,4,CHSL Exam,2024
Who among the following rulers was a part of the Tripartite Struggle for the possession of Kannauj?,Dharmapala,Yashovarman,Mahendrapal,Prithvi Raj III,history,1,CHSL Exam,2024
Bankim Chandra Chatterjee wrote a novel Anand Math based on which of the following rebellions/revolts?,Mappila Rebellion,Paika Rebellion,Sanyasi Rebellion,Kuki Revolt,history,3,CHSL Exam,2024
"Which of the following statement(s) is/are INCORRECT vis-à-vis Fundamental Duties?
1) They are obligatory in nature
2) Fundamental Rights and Fundamental duties are complementary to each other.
3) The introduction of Article 51A created strong base for a concrete national character and strong harmony.
4) Eleventh fundamental duty was added by 78th constitutional amendment act.",1 and 2,2 and 3,Only 3,Only 4,politics,4,CHSL Exam,2024
"The phenomenon of the interaction between nonallelic genes at two or more loci resulting in one gene masking the
phenotypic expression of another gene, is known as:",linkage,complete inheritance,epistasis,incomplete inheritance,science,3,CHSL Exam,2024
_____ was appointed British High Commissioner to India in April 2024.,Nicholas Fenn,Philip Barton,Lindy Cameron,Dominic Asquith,current_affairs,3,CHSL Exam,2024
Pinjore heritage festival is organised by the state of ________.,Jharkhand,Uttarakhand,Sikkim,Haryana,gk,4,CHSL Exam,2024
"In Microsoft Word, which option allows you to exclude specific sections or types of text from the spelling and grammar
check?",spell check,AutoCorrect,Exclusion Dictionary,Thesaurus,tech,3,CHSL Exam,2024
"As per Census of India 2011, which of the following groups of states recorded the lowest literacy rate?",Rajasthan and Assam,Bihar and Arunachal Pradesh,Rajasthan and Jharkhand,Bihar and Madhya Pradesh,gk,2,CHSL Exam,2024
"The Maritime Anti-Piracy Act, 2022, was enacted to give effect to which of the following?",United Nations Convention on the Law of the Sea relating to repression of piracy on high seas.,United Nations Convention on Oceans and Seas relating to repression of piracy on high seas.,United Nations Regional seas convention relating to repression of piracy on high seas.,United Nations Treaty on Oceans relating to repression of piracy on high seas.,current_affairs,1,CHSL Exam,2024
With which of the following sports is Lovlina Borgohain associated?,hockey,cricket,basketball,boxing,sports,4,CHSL Exam,2024
Which of the following states has mangrove forests?,Telangana,Andhra Pradesh,Rajasthan,Manipur,gk,2,CHSL Exam,2024
Which of the following devices is used to accelerate charged particles to high velocities?,cryotron,copatron,cosmotron,cyclotron,science,4,CHSL Exam,2024
Which of the following options is INCORRECT?,Distinguished economists from India and abroad were invited to advise on India’s economic development during the first five-year plan period.,India borrowed the idea of five-year plans from the former Soviet Union.,The Planning Commission of India was set up in 1950.,The chairmanship of the Planning Commission of India was given to the Prime Minister.,politics,1,CHSL Exam,2024
In which of the following states are the Pai songs accompanied by the Saria dance sung during the rain festivals?,Sikkim,Uttar Pradesh,Tripura,Madhya Pradesh,entertainment,4,CHSL Exam,2024
The relationship between which of the following is correct?,NDP at market price = GDP at market price + depreciation,Domestic income = NDP at market price + net indirect taxes,GDP at market price = price + quantity of final goods and services,National income = NDP at factor cost + net factor income from abroad,gk,4,CHSL Exam,2024
Match the states in column A to their ports in column B.,"1-a, 2-d, 3-c, 4-b","1-a, 2-d, 3-b, 4-c","1-d, 2-a, 3-c, 4-b","1-a, 2-c, 3-d, 4-b",gk,1,CHSL Exam,2024
The 42nd amendment of the Indian Constitution added ________.,Legislature,Fundamental rights,Fundamental duties,National anthem,politics,3,CHSL Exam,2024
Who among the following is a singer of Hindustani classical music?,Aruna Sairam,Sudha Ragunathan,S Sowmya,Shubha Mudgal,entertainment,4,CHSL Exam,2024
"Which organisation, in collaboration with the Central Board of Secondary Education (CBSE), and the Ministry of Education,
announced the launch of the ‘AI For All’ initiative with the purpose of creating a basic understanding of artificial intelligence
for everyone in India?",Intel	,Infosys,TCS,IBM	,tech,1,CHSL Exam,2024
Rows in MS-Excel are identified by:,letters,numbers with letters,numbers,timings,tech,3,CHSL Exam,2024
Who is the author of the Indian national anthem?,Bankim Chandra Chattopadhyay,Ishwar Chandra Vidyasagar,Kazi Nazrul Islam,Rabindranath Tagore ,gk,4,CHSL Exam,2024
Which MS Excel function can be used to sum up the numbers entered in a group of cells?,COUNT,AVERAGE,MAX,SUM,tech,4,CHSL Exam,2024
"Which of the Mendel's laws states that a diploid organism passes a randomly selected allele for a trait to its offspring, such that the offspring inherit one allele from each parent?",Law of dominance,Law of paired factor,Law of independent assortment,Law of segregation,science,4,CHSL Exam,2024
"In 2026, which country will host Asian Games?",India,China,Japan,Nepal,sports,3,CHSL Exam,2024
Which directive principle has been implemented in establishing Handloom and Handicrafts Boards?,Promote cottage industries on cooperative basis,Provision for just and humane condition of work,Participation of workers in management of Industries,Protection and improvement of environment,politics,1,CHSL Exam,2024
Marathi language is in the _______ language family.,Austro	,Sino-India	,Austric	,Indo Aryan	,gk,4,CHSL Exam,2024
The music of traditional _______ consists of thumri and other lyrical song forms.,Kuchipudi,Kathak ,Kathakali,Sattriya,entertainment,2,CHSL Exam,2024
"Gandhi Jayanti marks the birthday of the father of the nation Mahatma Gandhi, who was born at __________.",Ahmedabad,Vadodara,Porbandar,Gandhinagar,history,3,CHSL Exam,2024
Ohira folk music is primarily associated with one of the popular festivals of which of the following states?,Kerala,Assam,Jharkhand,Karnataka ,entertainment,2,CHSL Exam,2024
Which of the following planets’ atmosphere is made up of thick white and yellowish clouds of sulphuric acid?,Venus,Neptune,Mars,Jupiter	,science,1,CHSL Exam,2024
Who is Chairman of the Union Public Service Commission as on 31 March 2024?,Mrs. Preeti Sudan,Shri Manoj Soni,Shri BN Jha,Ms. Smita Nagaraj,current_affairs,2,CHSL Exam,2024
The process of merging data from a data source into a main document in a word-processing application is called:,data concatenation,mail merge,data accumulation,data integration,tech,2,CHSL Exam,2024
"In 1960, which isotope was used to define the standard measure of length?",Krypton-86,Krypton-88,Krypton-83	,Krypton-90,science,1,CHSL Exam,2024
"Who is the Union Minister of Civil Aviation in Government of India? (As of March, 2024).",G Kishan Reddy,Kiren Rijiju,Raj Kumar Singh,Jyotiraditya M. Scindia,current_affairs,4,CHSL Exam,2024
Which of the following is NOT a feature of a monopoly?,No close substitutes,Full control over the price by the seller,One buyer and many sellers,One seller and many buyers,gk,3,CHSL Exam,2024
There is a cable manufacturing facility at HCL in Rupnarainpur. It is belong to which state?,Assam,Haryana,Andhra Pradesh,West Bengal,gk,4,CHSL Exam,2024
Due to the efforts of whom among the following social reformers was the first Hindu Widow Remarriage Act introduced and passed in 1856?,Radhakant Deb,Atmaram Pandurang,Ishwar Chandra Vidyasagar,Raja Ram Mohan Roy,history,3,CHSL Exam,2024
Who among the following was the first Sultan of Delhi to style himself as ‘Zil-i-Ilahi’?.,	Qutbuddin Aibak,Feroz Shah,Balban,Iltutmish	,history,3,CHSL Exam,2024
The Constitution of India was adopted on ________.,26 November 1949,24 November 1947,26 January 1949,26 January 1950,politics,1,CHSL Exam,2024
Who was the first Indian wrestler to win Gold at the World Championships in 2010?,Alka Tomar,Sushil Kumar,Bajrang Punia,Geeta Phogat,sports,2,CHSL Exam,2024
Which of the following represents the Two-Factor Authentication (2FA)?,A technique for organising files and folders on a PC,A tool for optimising system resources,The use of two different credentials to verify identity,A security measure to prevent physical damage to a PC,tech,3,CHSL Exam,2024
"Former Karnataka CM _________ received the Padma Vibhushan at Rashtrapati Bhavan in New Delhi for his contribution in
the field of Public Affairs in 2023.",D Devaraj Urs,HD Deve Gowda,S Nijalingappa,SM Krishna,current_affairs,4,CHSL Exam,2024
"According to the Census of India-2011, which state has the lowest sex ratio?",Maharashtra,Haryana,Rajasthan,Bihar,gk,2,CHSL Exam,2024
Which view in MS PowerPoint is useful for editing or formatting a single slide at a time?,Reading view,Slide Sorter view,Outline view,Normal view,tech,4,CHSL Exam,2024
"Which of the following Articles in the Constitution of India provides protection to President and Governors and
Rajpramukhs?",Article 361,Article 352,Article 370,Article 356,politics,1,CHSL Exam,2024
"As on 31 March 2024, apart from the Ministry of Home Affairs, which of the following ministries is headed by Shri Amit
Shah?",Ministry of Cooperation,Ministry of Minority Affairs,Ministry of Coal,Ministry of Corporate Affairs,current_affairs,1,CHSL Exam,2024
Which was the first dynasty of the Delhi Sultanate?,Tughlaq dynasty,Khilji dynasty,Mamluk dynasty,Lodi dynasty,history,3,CHSL Exam,2024
When was air transport nationalised in India?,1950,1951,1952,1953,history,4,CHSL Exam,2024
Which of the following is one of the largest spiral galaxies?,NGC 6872,Milky Way,Cygnus A,Maffei 1,science,1,CHSL Exam,2024
"Which device is used to measure the current flow using needle deflection caused by a magnetic field force acting upon a
current-carrying wire?",Galvanometer,Psophometer,Potentiometer,Ammeter,science,1,CHSL Exam,2024
"The Ayush Ministry has collaborated with the UK’s London School of Hygiene and Tropical Medicine (LSHTM) to conduct a
study on _________ for promoting recovery from COVID-19.",Gotu Kola,Boswellia,Ashwagandha,Brahmi,health,3,CHSL Exam,2024
"Sangeeta Shankar was awarded Sangeet Natak Akademi Award 2021 for her contribution in playing which musical
instrument?",Santoor,Veena,Violin,Flute,entertainment,3,CHSL Exam,2024
"‘Ujjwala’, a _____, was the official mascot of Khelo India – Para Games 2023.",goose,sparrow,duck,hen,sports,2,CHSL Exam,2024
Which of the following exchange rates is determined by the market forces of demand and supply?,Soft pegged exchange rate,Floating exchange rate ,Fixed exchange rate,Hard	pegged exchange rate,gk,2,CHSL Exam,2024
Which city hosted the Asian Champions Trophy hockey tournament in 2023?,Delhi,Surat,Chennai,Ahmedabad,sports,3,CHSL Exam,2024
The district of Shivamogga that is famous for its Iron-Ore and Manganese mineral is located in which state of India?,Karnataka,Maharashtra	,Rajasthan,Jharkhand,gk,1,CHSL Exam,2024
Community tradition is related to which of the following music streams?,	Karnataka Lokgeet,Hindustani Classical Music	,	Hindustani Lokgeet,Karnataka Classical Music,entertainment,1,CHSL Exam,2024
"As per the Census of India-2011, the density of population per km2 was ________ persons.",320,382,345,394,gk,2,CHSL Exam,2024
The Central Office of the Reserve Bank of India was initially established in which present city in 1935?,Delhi,Mumbai,Kolkata,Chennai,gk,3,CHSL Exam,2024
Which of the following reactions leads to the formation of glucose pentaacetate from acetic anhydride?,Acetylation of glucose,Oxidation,Addition of ketone,Reduction,science,1,CHSL Exam,2024
"In kabaddi, when a raider touches any body part of any defender or any part of their clothing, it is called:",catch,tag,pursuit,raid,sports,2,CHSL Exam,2024
From which of the following Constitutions has the India Constitution adopted the system of ‘First Past the Post’?,Irish	Constitution,United States Constitution	,French Constitution	,British Constitution	,politics,4,CHSL Exam,2024
"According to the census of India 2011, which state has the lowest population growth rate?",Jharkhand,Punjab,Uttar Pradesh,Nagaland,gk,4,CHSL Exam,2024
"In 2023, Praveen Chithravel won the men’s triple jump event at the ‘Prueba de Confrontacion’ athletics meet held in __________.",Canada,Cuba,Brazil,Portugal,sports,2,CHSL Exam,2024
Which is the waterbody that separates Andaman Islands and Nicobar Islands?,Eight Degree Channel,Nine Degree Channel,Ten Degree Channel,Eleven Degree Channel,gk,3,CHSL Exam,2024
"According to the Census 2011 of India, which metropolitan has the second highest population?",Kolkata,Mumbai,Chennai,Delhi,gk,4,CHSL Exam,2024
Which Article provides that all minorities have the right to establish and administer educational institutions of their choice?,Article 26,Article 24,Article 32,Article 30,gk,4,CHSL Exam,2024
"As of March, 2024, who is the minister of the Ministry of Cooperation, Government of India?",Smriti Zubin Irani,Amit Shah,Dharmendra Pradhan,Nitin Gadkari,current_affairs,2,CHSL Exam,2024
Which amongst the following statements is correct about Mughal emperor Akbar?,He was declared emperor in 1602.,He founded a new religion called ‘Din-e Ilahi’.,He was highly educated and knew many languages.,He fought and won the third battle of Panipat against the Hindu King Hemu.,history,2,CHSL Exam,2024
Which of the following is an example of system software?,Windows operating system,Adobe Photoshop,Microsoft Word,Google Chrome,tech,1,CHSL Exam,2024
What is the duration of single round in free style wrestling?,2 min,3.5 min,3 min,2.5 min,sports,3,CHSL Exam,2024
Which of the following teams won the 9th Pro Kabaddi League 2022?,Puneri Paltan,Jaipur Pink Panthers,Bengaluru Bulls,UP Yoddhas,sports,2,CHSL Exam,2024
Name the web portal launched by the Department of Telecommunication sharing information on mobile towers and EMF Emission Compliances.,Bharat Net,National Optical Fibre Network,Tarang Sanchar,Bharat Sanchar,tech,3,CHSL Exam,2024
"Which south-eastern Dravidian language has been approved by Odisha state to be included in the Eighth Schedule of the Constitution of India, on 10th July 2023?",Tulu,Kodagu,Kui,Malto,current_affairs,3,CHSL Exam,2024
Who was the first to develop a mathematical predictive heliocentric model of the solar system?,Pierre-Simon Laplace,Immanuel Kant,Galileo Galilei,Nicolaus Copernicus,science,4,CHSL Exam,2024
Brahmo Samaj was earlier known as:,Veda Samaj,Prarthana Samaj,Arya Samaj,Bramho Sabha,history,4,CHSL Exam,2024
Which of the following committees recommended the inclusion of fundamental duties in the Constitution of India?,Balwant Rai Mehta Committee,Sarkaria Committee,Swaran Singh Committee,Raja Mannar Committee,politics,3,CHSL Exam,2024
"What happens in case of market equilibrium:
(a) Market demand = market supply
(b) There is no excess supply in the market",Neither (a) nor (b),Only (a),Both (a) and (b),Only (b),gk,3,CHSL Exam,2024
Bhavai is a dance form that belongs to which of the following states?,Rajasthan,Odisha,Madhya Pradesh,Bihar,entertainment,1,CHSL Exam,2024
Mahavir Jayanti celebrates the birthday of Lord Mahavira who is the _______ Tirthankara of Jainism.,25th,26th,23rd,24th,gk,4,CHSL Exam,2024
Which of the following causes enlargement and extension growth of cells?,Imbibition  ,Pressure potential ,Osmotic pressure,Turgor pressure ,science,4,CHSL Exam,2024
"In July 2021, which of the following persons declared herself/himself brand ambassador of 'Khadi Prakritik Paint', made from cow dung by the Khadi and Village Industries Commission?",Nitin Gadkari ,Nirmala Sitharaman,Narendra Singh Tomar,Rajnath Singh ,current_affairs,1,CHSL Exam,2024
In which year was the Marris College of Music established in India?,1919,1901,1926,1922,history,3,CHSL Exam,2024
"In MS Word, which option allows you to insert a new column in a table while simultaneously shifting the existing columns to the right?",Insert Column to the Right,Insert Columns,Insert Table,Insert Column to the Left,tech,1,CHSL Exam,2024
Which of the following is NOT a part of Carnatic music?,Varnam,Dhrupad,Pallavi,Charana,entertainment,2,CHSL Exam,2024
"The Government of India’s Ministry of Culture organised a programme called Vitasta in January 2023. This programme
exhibits rich culture, arts and crafts of which region?",Himachal,Punjab,Kashmir,Ladakh,entertainment,3,CHSL Exam,2024
Who founded a reformist organisation called ‘Brahmo Samaj’ in Calcutta?,Vinoba Bhave,Raja Ram Mohan Roy,Ishwar Chandra Vidyasagar,Jyotiba Phule,history,2,CHSL Exam,2024
Which state organises the Lokrang Festival?,Arunachal Pradesh,Uttar Pradesh,Himachal Pradesh,Madhya Pradesh,entertainment,4,CHSL Exam,2024
'Pankhida' songs are sung by peasants of _____ while working on the fields.,Odisha,Bihar,Rajasthan,Uttar Pradesh,entertainment,3,CHSL Exam,2024
Which cost is considered for calculating the national income in India?,Factor cost,Product cost,Market cost,Sunk cost,gk,1,CHSL Exam,2024
Which of the following organisation’s initiative is ‘India Justice Report’?,Tata Trusts,Azim Premji Foundation,Infosys Foundation,HCL Foundation,gk,1,CHSL Exam,2024
Which of the following is an input device?,Speaker,Monitor,Printer,Keyboard,tech,4,CHSL Exam,2024
Western disturbances are responsible for:,extremely chilled weather of north-east India,dusty storms in eastern costal area of India,rainfall during winters in north-western part of India,hot winds during summers in northern India,gk,3,CHSL Exam,2024
Which type of electromagnetic radiation was discovered by Johann Wilhelm Ritter in 1801?,X-rays,Ultraviolet rays,Infrared rays,Gamma rays,science,2,CHSL Exam,2024
Indian Railway was introduced in the year __________.,1852,1851,1853,1850,history,3,CHSL Exam,2024
________ is a musical composition that expresses devotion through madhura bhakti.,Tillana,Padam,Gita,Kriti,entertainment,2,CHSL Exam,2024
Which state secured over all third position in the medals tally at the 36th National Games (2022) of India?,Haryana,Delhi,Kerala,Maharashtra,sports,3,CHSL Exam,2024
"In the 11th century, under Maḥmūd of Ghazni, Ghaznī, a small town in ______, became the capital of the vast empire of the
Ghaznavids.",Turkey,Egypt,Persia,Afghanistan,history,4,CHSL Exam,2024
Which set of Articles in the Constitution of India are known as ‘Cultural and Educational Rights’?,Articles 19-20,Articles 29-30,Articles 14-15,Articles 23-24,politics,2,CHSL Exam,2024
In which of the following regions of India is the Mundari language spoken?,Malwa plateau,Thar desert,Chota-Nagpur plateau,Baghelkhand,gk,3,CHSL Exam,2024
"A school teacher asks students to stand up every time national anthem is sung.
Which Article enshrines this fundamental duty?",Article 51 (d),Article 51 (c),Article 51 (b),Article 51A (a),politics,4,CHSL Exam,2024
In which year did the Indian football team go on its first known official international tour?,1947,1914,1950,1924,sports,4,CHSL Exam,2024
Why is the six membered cyclic structure of glucose called a pyranose structure?,"Pyran is a non-cyclic organic compound, with one oxygen atom and five carbon atoms in the ring.","Pyran is a cyclic organic compound, with one oxygen atom and five carbon atoms in the ring.","Furan is a five membered non-cyclic compound, with one oxygen and four carbon atoms.","Furan is a five membered cyclic compound, with one oxygen and four carbon atoms.",science,2,CHSL Exam,2024
"When a new text document is created in MS-Office 2016, the default text size of the document is _____.",10 points,14 points,12 points,11 points,tech,4,CHSL Exam,2024
"Recently, a bill on Uniform Civil Code (UCC) was introduced. Consider the following statements about UCC and identify the
correct statement(s) from them.
1. The Uniform Civil Code in India Bill, 2020, was introduced in the Lok Sabha as a private member bill.
2. UCC refers to the same set of civil laws applicable to all the citizens of India in all the personal matters.
3. The provision for UCC in the Constitution of India is mentioned under Article 44.",Only 1,Only 1 and 3,Only 2 and 3,Only 3,current_affairs,3,CHSL Exam,2024
"According to the National Multidimensional poverty index 2021, which of the following states has the lowest percentage of
population being multidimensional poor?",Maharashtra,Punjab,Sikkim,Bihar,gk,3,CHSL Exam,2024
India is home to the second oldest cricket club in the world. Where is it situated?,Kolkata,Chennai,Mumbai,Hyderabad,sports,1,CHSL Exam,2024
Which of the following types of crops are sown at the beginning of the monsoon season?,Zaid crops,Rabi crops,Vital crops,Kharif crops,gk,4,CHSL Exam,2024
The parliamentary standing committees have a tenure of ________ years.,one,four,three,two,politics,1,CHSL Exam,2024
Which military officer led the British forces in the Battle of Chinhat fought in 1857?,Robert Maclagan,Henry Lawrence,James George Smith,Charles Ellice,history,2,CHSL Exam,2024
"Citizens are NOT discriminated against on the basis of religion, caste or sex because of:",Right to Equality,Right against Exploitation,Right to Freedom,Right to Freedom of Religion,politics,1,CHSL Exam,2024
Which is the nearest planet to the Sun?,Uranus,Jupiter,Mercury,Saturn,science,3,CHSL Exam,2024
Name the Chola inscription that provided details of the way in which the sabha was organised in the local administration in the Chola empire.,Thiruvalangadu inscription,Thirunanthikarai inscription,Darsanam Koppu inscription,Uttaramerur inscription,history,4,CHSL Exam,2024
"Since 1994, Winter Olympics traditionally take place _____ after the Summer Olympics.",4 years,3 months,6 months,2 years,sports,4,CHSL Exam,2024
What was the Child Sex Ratio in the country as per the Census of India 2011?,189,911,981,919,gk,2,CHSL Exam,2024
"As per Census of India 2011, in which of the following states was the total population less than 10 lakh?",Telangana,Sikkim,Goa,Tripura,gk,2,CHSL Exam,2024
"In MS-Word, a document may be printed using ______________.",Ctrl+X,Ctrl+C,Ctrl+P,Ctrl+V,tech,3,CHSL Exam,2024
"Which of the following Articles was amended in the Constitution (Fifth Amendment Act), 1955?",Article 45,Article 3,Article 34,Article 17,politics,2,CHSL Exam,2024
Which of the following is a string instrument commonly featured in the folk music of Gujarat?,turi,bungal,jantar,pava,entertainment,3,CHSL Exam,2024
"A housemaid gets her 12-year-old daughter to help in her work as a house cleaner at a residential colony instead of sending her to school.
Which fundamental duty is violated by the housemaid?",To safeguard public property and to abjure violence,To promote harmony and the spirit of common brotherhood,To defend the country and render national service,To provide opportunities for education to his/her child,politics,4,CHSL Exam,2024
"Which of the following types of music is confined to the states of Karnataka, Andhra Pradesh, Tamil Nadu and Kerala?",Classical,Carnatic,Regional,Hindustani,entertainment,2,CHSL Exam,2024
How can you access the Step by Step Mail Merge Wizard in Microsoft Word?,Clicking on the File menu,Pressing Ctrl + M,Clicking on the Mailings tab,Pressing F12,tech,3,CHSL Exam,2024
Which of the following is a medium-sized globular protein that acts as a pancreatic serine protease found in the digestive system of many vertebrates?,Amylase,Lipase,Trypsin,Pepsin,science,3,CHSL Exam,2024
Buddh International Circuit is located at:,Chennai,Noida,Mumbai,Delhi,sports,2,CHSL Exam,2024
"What is known to be ‘ekaharya’, where one dancer takes on many roles in a single performance?",Bharatanatyam,Kathak,Kuchipudi,Kathakali,entertainment,1,CHSL Exam,2024
Match the railway zones in column A with their headquarters in column B.,"1-b, 2-a, 3-d, 4-c","1-b, 2-d, 3-a, 4-c","1-a, 2-b, 3-d, 4-c","1-b, 2-a, 3-c, 4-d",gk,1,CHSL Exam,2024
The central stretch of the Western Coastal Plains of India is known as the:,Konkan coast,Coromandel coast,Malabar coast,Kannad plains,gk,1,CHSL Exam,2024
The Kutch festival is held at __________.,Surat,Rajkot,Bhuj,Ahmedabad,entertainment,3,CHSL Exam,2024
What is the use of Net National Product (NNP)?,To calculate per capita income,To calculate exports,To calculate balance of payments,To calculate imports,gk,1,CHSL Exam,2024
"In which year did Galileo describe the regular, swinging motion of a pendulum by the action of gravity and acquired momentum?",1605,1600,1599,1602,history,4,CHSL Exam,2024
In which year was the first Arjuna Award given to a woman hockey player?,1964,1963,1962,1961,sports,4,CHSL Exam,2024
Khelo India Winter Games 2023 was held at _______.,Himachal Pradesh,Jammu and Kashmir,Leh,Uttarakhand,sports,2,CHSL Exam,2024
Which amongst the following Sultans shifted his capital from Delhi to Daulatabad?,Muhammad Bin Tughlaq,Feroz Shah Tughlaq,Sikandar Lodhi,Ibrahim Lodhi,history,1,CHSL Exam,2024
"As of March, 2024, who is the Executive Chairman of the National Legal Services Authority of India?",Justice UU Lalit,Justice Sanjiv Khanna,Justice Ranjan Gogoi,Justice Sharad Bobde	,current_affairs,2,CHSL Exam,2024
_________ of the Constitution of India has provisions for legal enforcement of the fundamental rights.,Article 28,Article 19,Article 32,Article 29,politics,3,CHSL Exam,2024
Which statement about Classical Carnatic Music is correct?,"The compositions are either in Malayalam, Marathi, Tamil or Bengali.","The compositions are either in Telugu, Kannada, Tamil or Sanskrit.","The compositions are either in Telugu, Malayalam, Hindi or Sanskrit.","The compositions are either in Marathi, Odia, Konkani or Bengali.",entertainment,2,CHSL Exam,2024
Which of the following is NOT compulsory equipment for a football referee?,Red and yellow cards,White flag,Whistle(s),Watch(es),sports,2,CHSL Exam,2024
"Lal Thanhawla holds the record for the longest-serving Chief Minister of ________, occupying the position for five terms.",Sikkim,Manipur,Mizoram,Meghalaya,politics,3,CHSL Exam,2024
Which of the following dances is listed in the UNESCO List of Intangible Cultural Heritage of India since 2010?,Kalbelia,Garba,Ghumar,Matki,entertainment,1,CHSL Exam,2024
"The Assam government observed the birthday of ________ on 31 March 2023, as Students Day in the state.",Bodofa Upendra Nath Brahma,Biraj Kumar Sarma,Prafulla Kumar Mahanta,Bhrigu Kumar Phukan,gk,1,CHSL Exam,2024
"As per the Census-2011, the total absolute increase in population during the decade is ________.",15.23 crore,17.21 crore,16.41 crore,18.19 crore,gk,4,CHSL Exam,2024
Which of the following is NOT related to the ‘Trinity of Carnatic Music’?,Syama Shastri,Tyagaraja,Muthuswami Dikshitar,Purandara Das,entertainment,4,CHSL Exam,2024
"According to Koeppen's Scheme of classification of climate, which of the following characteristics is associated with 'Group E'?",The average temperature of the coldest month is –3°C or below	,The average temperature of the coldest month is higher than –3°C but below 18°C,The average temperature of the coldest month is 18°C or higher	,The average temperature for all months is below 10°C	,gk,4,CHSL Exam,2024
Doljatra is a festival of which state from followings?,Rajasthan,Assam,Haryana,Uttar Pradesh,entertainment,2,CHSL Exam,2024
Price control and rationing are direct control measures to check ________.,disinflation,deflation,inflation,reflation,gk,3,CHSL Exam,2024
Application software includes a variety of programs that are designed to meet the information processing needs of _______________.,programmers,team leaders,customers,end users,tech,4,CHSL Exam,2024
Which sport is NOT played in mixed doubles?,Handball,Badminton,Tennis,Table tennis,sports,1,CHSL Exam,2024
How many Fundamental Rights were initially provided in the Constitution of India?,Six,Nine,Seven,Eight,politics,3,CHSL Exam,2024
Which of the following is the correct relationship?,F = a/m,F = m/a,F = m2a,F = ma,science,4,CHSL Exam,2024
"As of March 2020, which of the following solar power plants is the biggest plant in the world, with total installed capacity of 2,245 MW?",Kamuthi solar power project	,Sakri photovoltaic solar energy project	,Dhirubhai Ambani solar park	,Bhadla solar park	,gk,4,CHSL Exam,2024
Select the olfactory indicator from among the given options.,Petunia,Clove oil	,Turmeric,Cabbage juice,science,2,CHSL Exam,2024
Which of the following is NOT one of the classical languages of India?,Magahi,Malayalam,Kannada,Odiya,gk,1,CHSL Exam,2024
Select the natural habitat of the Asiatic Lion from the following.,Gir forest,Sundarbans,Kanha National Park,Saranda forest,gk,1,CHSL Exam,2024
At which place did Raja Ram Mohan Roy form a reform association called Brahmo Sabha in the year 1828?,Calcutta,Bombay,Pune,Madras,history,1,CHSL Exam,2024
"According to the Census of India-2011, what is the sex ratio (Females per 1000 males) of India?",933,927,943,934,gk,3,CHSL Exam,2024
Who calculated the approximate location of the planet Neptune by studying gravity-induced disturbances in the motion of Uranus?,John Couch Adams,Johann Gottfried Galle,Urbain-Jean-Joseph Le Verrier,Percival Lowell,science,3,CHSL Exam,2024
In which year was MS Dhoni awarded Padma Shri Award?,2010,2012,2007,2009,sports,4,CHSL Exam,2024
What was India’s population growth rate (in percentage) during 2001-2011?,23.87%,17.64%,24.66%,21.54%,gk,2,CHSL Exam,2024
Where can you find the options ‘From Beginning’ and ‘From Current Slide’ to run a slide show in MS PowerPoint?,Home tab,Slide Show tab,Slide Sorter tab,View tab,tech,2,CHSL Exam,2024
Which of the following refers to the purchase and sale of government securities?,Bank rate,Open market operations,Reserve ratio,High powered money,gk,2,CHSL Exam,2024
Which Act opposed by Mahatma Gandhi in 1919 was a direct attack on the civil liberties and democratic rights of the Indian people?,Criminal Tribes Act,Defence of India Act,Pitt’s India Act,Rowlatt Act,history,4,CHSL Exam,2024
Which of the following organisations said that India CANNOT have a parallel judicial system - one for the rich and the other for the poor?,Supreme Court,Himachal High Court,Gujarat High Court,Kerala High Court,gk,1,CHSL Exam,2024
Oil India Limited (OIL) is under the administrative structure of:,Ministry of Petroleum and Natural Gas,Ministry of Power,Ministry of Commerce and Industry,Ministry of New and Renewable Energy,gk,1,CHSL Exam,2024
"On the 74th republic day of India, President of Egypt, ____________ was the Chief Guest at the Republic Day parade.",Gamal Abdel Nasser Husain,Abdel Fattah El-Sisi,Muhammad Hosni El Sayed Mubarak,Adly Mahmoud Mansour,current_affairs,2,CHSL Exam,2024
Who is known as the Father of Modern Dance in India?,Kelucharan Mohapatra,Uday Shankar,Pandit Birju Maharaj,Atombapu Sharma,entertainment,2,CHSL Exam,2024
Which of the following is called the cyclic arrangement of time units in Hindustani Classical music?,Alap,Raga,Tala,Jati,entertainment,3,CHSL Exam,2024
"In honey bees, _____",males are triploid and females are tetraploid.,males are haploid and females are diploid.,males are diploid and females are haploid.,males are tetraploid and females are triploid.,science,2,CHSL Exam,2024
Identify the INCORRECT pair regarding the material media and their refractive index?,Sapphire – 1.77,Kerosene – 1.44,Ruby – 1.71,Benzene – 2.42,science,4,CHSL Exam,2024
The Preamble of the Constitution describes India as:,a unitary state,a federal state,an atheist state,a secular state,politics,4,CHSL Exam,2024
Which of the following is a style of Carnatic music?,Svarajati,Chaturang,Dhamar,Dhrupad,entertainment,1,CHSL Exam,2024
Which of the following rivers is called ‘Singi Khamban’ in Tibet?,Brahmaputra,Sutlej,Kosi,Indus,gk,4,CHSL Exam,2024
"Judicial Review, a salient feature of the Constitution of India, has been borrowed from which of the following countries?",South Africa,Canada,Ireland,The US,politics,4,CHSL Exam,2024
In which year was the All India Football Federation (AIFF) formed?,1947,1967,1957,1937,sports,4,CHSL Exam,2024
"The Press and Periodicals Registration Bill, 2023 replaced which act with a simplified law that decriminalizes various provisions and brings digital media under its ambit?","Censorship of Press Act, 1799","Newspaper (Incitement to Offences) Act, 1908","Press (Objectionable Matters) Act, 1951","Press and Registration of Books Act, 1867",current_affairs,4,CHSL Exam,2024
The founder of the Pallava dynasty was:,Singhamvishnu,Simhavishnu,Simharaj,Balasimha,history,2,CHSL Exam,2024
"In November 2022, the Supreme Court upheld the 10% reservation of EWS quota. This EWS reservation was granted on the basis of recommendations from which of the following commissions?",Sarkaria commission,Kelkar commission,Mandal commission,Sinho commission,current_affairs,4,CHSL Exam,2024
What should you click to choose the date for sorting in Gmail?,The calendar icon,The ‘1 Day’ dropdown menu,The ‘Date within’ field,The filter icon,tech,4,CHSL Exam,2024
Which of the following is a food-borne disease caused by the consumption of contaminated food or beverages?,Malaria	,Tuberculosis	,Chicken pox	,Cholera	,health,4,CHSL Exam,2024
Which key can be pressed to initiate a slide show in MS PowerPoint?,Function key F4,Function key F2,Function key F8,Function key F5,tech,4,CHSL Exam,2024
Which of the following Fundamental Rights has been deleted from the original list of fundamental rights provided in the Constitution of India?,Right to freedom of religion,Cultural and educational rights,Right to constitutional remedies,Right to property,politics,4,CHSL Exam,2024
"The approach driven by seven engines, which is powered by Clean Energy and ‘Sabka Prayas’ is related to which scheme?",Aatmanirbhar Bharat Rojgar Yojana,Pradhan Mantri Mudra Yojana,Garib Kalyan Rojgar Abhiyan,PM Gati Shakti Master Plan,current_affairs,4,CHSL Exam,2024
Bilhan was a court poet in which of the following kingdoms?,Vikramaditya VI,Rajaraja II,Vijayaditya VII,Kulottunga I,history,1,CHSL Exam,2024
"Manipur's ____________ tribe celebrates the ‘Gaan-Ngai’ festival, which is a post-harvest festival of the tribe living in the
regions of Manipur.",Zeliangrong,Chothe,Gangte,Inpui,gk,1,CHSL Exam,2024
"Who among the following confirmed Maxwell's theories with the discovery of radio waves and also became the first person
to transmit and receive controlled radio waves in 1886?",Guglielmo Marconi,William Hopkins,Michael Faraday,Heinrich Hertz,science,4,CHSL Exam,2024
Who was the first Indian wrestler to win a world championship medal?,Udey Chand,Dara Singh,Malwa Singh,KD Jadhav,sports,4,CHSL Exam,2024
"The Wild Life (Protection) Amendment Act, 2022 received the assent of the President on ________.",19 December 2022,14 December 2022,17 December 2022,10 December 2022,current_affairs,1,CHSL Exam,2024
Which Excel feature allows you to simultaneously edit the same cell or range of cells with multiple users in real-time?,co-authoring,Data Validation,Conditional Formatting,Track Changes,tech,1,CHSL Exam,2024
Which statement about Syama Sastri is correct?,His signature name was Guruguha.,His famous composition is Pancharatna Kritis.,He is one among the trinity of Carnatic Music.,A crater on planet mercury is named after him.,entertainment,3,CHSL Exam,2024
Article 15 of the Constitution of India entails:,cultural and educational rights,equality of opportunity for all citizens in matters relating to employment or appointment,freedom of speech and expression,"prohibition of discrimination against any citizen on grounds only of religion, race, caste, sex or place of birth",politics,4,CHSL Exam,2024
"What was the name of the campaign led by the Ali brothers and Maulana Abul Kalam Azad to save the Ottoman Caliphate as
a symbol of unity among the Muslim community?",Wahabi Movement,Khilafat Movement,Ahmadiya Movement,Faraizi Movement,history,2,CHSL Exam,2024
Which of the following food grains highly benefited from the Green Revolution?,Millet,Barley,Maize,Wheat,gk,4,CHSL Exam,2024
What is ‘Padam’ in Carnatic Music?,A patriotic poem,A poem about courage,A love poem,A lullaby,entertainment,3,CHSL Exam,2024
Which of the following airports is being built as India’s first ‘carbon-neutral airport’?,Jammu airport,Kangra airport,Srinagar airport,Leh airport,current_affairs,4,CHSL Exam,2024
"In which country do Kachin, Karen, Karenni, Chin and Mon ethnic groups belong?",Myanmar,Afghanistan,Sri Lanka,Nepal,gk,1,CHSL Exam,2024
"In the year 2021, which of the following ministries published the amended rules related to Corporate Social Responsibility
(CSR)?",Ministry of Science and Technology,Ministry of Corporate Affairs,Ministry of New and Renewable Energy,Ministry of Home Affairs,politics,2,CHSL Exam,2024
"A flat ring of small, icy bodies that revolve around the sun beyond the orbit of the planet Neptune is called:",Asteroid Belt	,Bow Shock	,Kuiper Belt	,Oort Cloud,science,3,CHSL Exam,2024
The Chilika Lake is located to the south of the ___________ delta.,Narmada,Cauvery,Mahanadi,Godavari,gk,3,CHSL Exam,2024
Mohiniyattam is a classical dance form of:,Tripura,Kerala,Assam,Tamil Nadu,entertainment,2,CHSL Exam,2024
In which year was the Board of Control for Cricket in India (BCCI) formed?,1914,1931,1947,1928,sports,4,CHSL Exam,2024
What is the full form of URL?,Union Resource Locator,Uniform Resource Language,Union Resource Language,Uniform Resource Locator,tech,4,CHSL Exam,2022
"Which of the following indicates the correct limit of marginal propensity to consume
(MPC) ?",-1 < MPC < 1,0 < MPC < 1,-1 < MPC < 0,0 < MPC < ∞,gk,2,CHSL Exam,2022
Which of the following was the capital of Pandyas?,Kaveripattinam,Puhar,Aihole,Madurai,history,4,CHSL Exam,2022
Kathak is the principal dance of which part of India?,North-Eastern India,Southern India,Eastern India,Northern India,entertainment,4,CHSL Exam,2022
"Which of the following teams did NOT qualify for the playoffs of the 15th edition of
Indian Premier League?",Rajasthan Royals,Gujarat Titans,Royal Challengers Bangalore,Mumbai Indians,sports,4,CHSL Exam,2022
"Which of the following shortcut key is used to move the cursor one word to the left in
MS-Word 365?",Shift + Left arrow key,Ctrl + PageUp,Shift + PageUp,Ctrl + Left arrow key,tech,4,CHSL Exam,2022
What is the colour of the outer zone of completion combustion of a candle flame?,Yellow,Black,Orange,Blue,science,1,CHSL Exam,2022
"Mohiniyattam belongs to ______ in India, takes its name from the celestial enchantress
Mohini.",Maharashtra,Madhya Pradesh,Odissa,Kerala,entertainment,4,CHSL Exam,2022
Which of the following is NOT correct regarding the Pacific Ocean?,The Pacific Ocean is perfectly oval in shape.,"Mariana Trench, the deepest part of the earth, lies in the Pacific Ocean.","Asia, Australia, North and South Americas surround it",The Pacific Ocean is the largest ocean.,gk,1,CHSL Exam,2022
"Provisions as to disqualification on ground of defection are mentioned under which
schedule of the Indian constitution?",11th schedule,10th schedule,9th schedule,12th schedule,politics,3,CHSL Exam,2022
"“Skilling of girls in non-traditional livelihood (NTL)” has been included in which
flagship scheme?",Pradhan Mantri Matru Vandana Yojana,Beti Bachao Beti Padao,POSHAN Abhiyaan,Rashtriya Mahila Kosh,politics,2,CHSL Exam,2022
"Which of the following do/does NOT come under Union list of seventh schedule of the
Indian constitution?",Intoxicating liquors,Banking,Post and telegraphs,Audit of the accounts of the states,politics,1,CHSL Exam,2022
Which of the following is an exogenic force?,Landslides,Wind,Volcano,Earthquake,science,2,CHSL Exam,2022
Jabalpur is located on the banks of which of the following rivers?,Narmada,Chambal,Ganga,Godavari,gk,1,CHSL Exam,2022
Which of the following is not an asexual form of reproduction in plants?,Pollination,Spore formation,Vegetative propagation,Budding,science,1,CHSL Exam,2022
Which of the following constellation is also called the hunter?,Leo Major,Cassiopeia,Orion,Ursa Major,science,3,CHSL Exam,2022
"Which of the following is a rare species as per International Union for Conservation of
Nature (IUCN)?",Lion tailed macaque,Blue sheep,Asiatic buffalo,Gangetic dolphin,science,1,CHSL Exam,2022
The first cotton textile mill in Ahmedabad was started in which year?,1867,1854,1851,1861,history,4,CHSL Exam,2022
"How many total medals did Haryana win in the fourth edition of Khelo India Youth
Games?",101,137,123,115,sports,2,CHSL Exam,2022
Who has been elected as new Prime Minister of Pakistan in April 2022?,Nawaz Sharif,Abbas Sharif,Imran Khan,Shehbaz Sharif,current_affairs,4,CHSL Exam,2022
"The Union Ministry of Home Affairs in 2022 banned the Popular Front of India (PFI) and
its associates for ______ years.",five,two,four,seven,current_affairs,1,CHSL Exam,2022
Who is the implementing agency of “Ayushman Bharat Digital Mission (ABDM)” ?,NITI Aayog,AIIMS,IMA,NHA,current_affairs,1,CHSL Exam,2022
______ won the (FIBA) Women's Basketball World Cup 2022.,China,United States of America,India,Japan,sports,2,CHSL Exam,2022
"Who received the Vyas Samman for the novel ""Patliputru Ki Samragi""?",Surendra Verma,Dr. Sunita Jain,Prof. Sharad Pagare,Vishwanath Tripathi,entertainment,1,CHSL Exam,2022
"According to the law of demand, the consumer’s demand for a good must be ______.",inversely related to the supply of the good,directly related to the supply of the good,directly related to the price of the good,inversely related to the price of the good,gk,4,CHSL Exam,2022
"Which of the following shortcut key is used to display the font dialog box in MS-Word
365?",Alt + F,Ctrl + D,Alt + D,Ctrl + F,tech,2,CHSL Exam,2022
"___________ is the change in total utility due to consumption of one additional unit of
a commodity.",Marginal utility (MU),Demand utility (DU),Revenue utility (RU),Product Utility (PU),gk,1,CHSL Exam,2022
Which of the following statements is correct?,Our body works within the pH range of 7.0 to 7.8.,"When pH of rain water is less than 8.2, it is called acid rain.",Living organisms can survive a wide range of pH change.,Tooth decay starts when the pH of the mouth is lower than 1.5.,science,3,CHSL Exam,2022
Which famous sportsperson has received the Bharat Ratna award in 2014?,Yogeshwar Dutt,MS Dhoni,Sachin Tendulkar,Ravi Shastri,sports,3,CHSL Exam,2022
"Which article of the constitution of India is related to Comptroller and Auditor General
of India Audit reports?",149,150,151,148,politics,4,CHSL Exam,2022
Kalinga is the ancient name of coastal ______.,Andhra Pradesh,Orissa,Kerala,Tamil Nadu,history,2,CHSL Exam,2022
VSHORADS missile was successfully tested in September 2022 by ______.,Earth System Science Organization (ESSO),Defence Research and Development Organization (DRDO),Hindustan Aeronautics Limited (HAL),Forest Survey of India (FSI),current_affairs,2,CHSL Exam,2022
"Who among the following received the best actor in leading role (male) popular choice
in the Filmfare Awards 2022?",Sidharth Malhotra,Vicky Kaushal,Ranveer Singh,Dhanush,entertainment,2,CHSL Exam,2022
"As on September 2021, which of the following is NOT a national political party in
India?",Bahujan Samaj Party,Indian National Lok Dal,Communist Party of India,Indian National Congress,politics,2,CHSL Exam,2022
"______, also known as search unemployment, occurs when workers lose their current
job and are in the process of finding another one.",Frictional unemployment,Voluntary unemployment,Classical unemployment,Disguised unemployment,gk,1,CHSL Exam,2022
Which Union Territory of India lies in the Bay of Bengal?,Lakshadweep Islands,Chandigarh,Dadra & Nagar Haveli and Daman & Diu,Andaman and Nicobar Islands,gk,4,CHSL Exam,2022
Where was the Commonwealth games held in the year 2022?,Glasgow,Gold Coast,Birmingham,New Delhi,sports,3,CHSL Exam,2022
Humayun’s Tomb situated in Delhi is built by ______.,Maham Begum,Gulbadan Begum,Biga Begum,Hamida Begum,history,3,CHSL Exam,2022
"The Arctic Ocean is located within the Arctic Circle and surrounds the North Pole. It is
connected with the Pacific Ocean by a narrow stretch of shallow water known as
______ strait.",Palk,Bosphorus,Hudson,Berring,gk,4,CHSL Exam,2022
Which among the following Ministries launched the app JALDOOT?,Ministry of Culture,Ministry of Finance,Ministry of Rural Development,Ministry of External Affairs,current_affairs,3,CHSL Exam,2022
"The Indian National Congress was established when ______ delegates from all over
the country met at Bombay in December 1885.",108,156,72,34,history,3,CHSL Exam,2022
Which of the following is NOT an application software?,Education software,Programming language translator software,Personal assistance software,Entertainment software,tech,2,CHSL Exam,2022
"Who among the following has been chosen as the male goalkeeper of the year by the
International Hockey Federation (FIH) 2021-22?",Pirmin Blaak,Arthur Thieffry,Mumtaz Khan,PR Sreejesh,sports,4,CHSL Exam,2022
"What is India's rank in reducing overall inequality according to the Commitment to
Reducing Inequality Index (CRII) 2022?",132,123,118,129,current_affairs,2,CHSL Exam,2022
What is the atomic mass of sodium?,40,23,32,12,science,1,CHSL Exam,2022
"Which among the following lakes is known as the only ""Floating Islands Lake"" in
India?",Kolleru,Loktak,Pulicat,Chilka,gk,1,CHSL Exam,2022
The shehnai is a reed instrument with how many holes along the tube?,Six,Eleven,Seven,Five,entertainment,3,CHSL Exam,2022
Which team won the Ranji trophy 2021 – 2022?,Vidarbha,Himachal Pradesh,Mumbai,Madhya Pradesh,sports,4,CHSL Exam,2022
"In India, what is the mean annual average temperature in subtropical vegetation zone?",17°C to 24°C,7°C to 17° C,Below 7°C,Above 24°C,gk,1,CHSL Exam,2022
"Which among the following pairs of 'animal – phylum of animal kingdom they belong'
is incorrect?",Liver fluke - Nematoda,Prawns - Arthropoda,Starfish - Echinodermata,Sycon - Porifera,science,1,CHSL Exam,2022
"The famous monument, Aram Bagh, was built by Babur. It is located in ______.",Madhya Pradesh,Bihar,Uttar Pradesh,Delhi,history,3,CHSL Exam,2022
Who led the Battle of Plassey on behalf of the British East India Company?,Charles Stuart,Robert Clive,Warren Hastings,James Lancaster,history,2,CHSL Exam,2022
"Which Indian writer wrote the famous book ""Mansarovar""?",Ram Prasad Bismil,Gita Sahgal,Premchand,Yashpal,entertainment,1,CHSL Exam,2022
Which of the following has revamped the E-Baal Nidan online portal in September 2022?,UNICEF India,NITI Aayog,National Commission for Protection of Child Rights,Ministry of women and child development,current_affairs,3,CHSL Exam,2022
The Industrial Policy Resolution of 1956 formed the basis of the ______.,Fourth Five Year plan,Second Five Year plan,Third Five Year plan,Fifth Five Year plan,history,2,CHSL Exam,2022
Which of the following articles of the Indian Constitution is related to the writ of the High Courts?,126,76,226,32,politics,3,CHSL Exam,2022
Which of the following rivers originates in Rajasthan?,Tapi,Banas,Narmada,Mahi,gk,2,CHSL Exam,2022
In which state did PM Narendra Modi laid the foundation stone for Bulk Drug Park in October 2022?,Punjab,Bihar,Uttarakhand,Himachal Pradesh,current_affairs,1,CHSL Exam,2022
Which among the following companies fired about 300 employees under allegations of moonlighting in September 2022?,Amazon India,Wipro,MindTree,Microsoft India,current_affairs,1,CHSL Exam,2022
Who is famously known as sitar maestro in India?,Sitara Devi,Pt. Ravi Shankar,Ustad Bismillah khan,Maharshi Patanjali,entertainment,1,CHSL Exam,2022
"At high doses, ______ kills cancer cells or slows their growth by damaging their DNA. Cancer cells whose DNA is damaged beyond repair stop dividing or die. When the damaged cells die, they are broken down and removed by the body.",Radiation therapy,Physiotherapy,Chemotherapy,Surgery,health,3,CHSL Exam,2022
Which of the following colloid is an example of foam?,Cheese,Mist,Butter,Sponge,science,4,CHSL Exam,2022
What is used for holding program instructions that can't be changed throughout the life of the computer?,Register,ROM,Cache,RAM,tech,2,CHSL Exam,2022
"Which of the following statement is correct regarding large dams?
I. They have social problems because they displace large number of peasants and tribals without adequate compensation or rehabilitation.
II. They have Environmental problems because they contribute enormously to deforestation and the loss of biological diversity.",Neither I nor II,Only I,Only II,Both I and II,gk,3,CHSL Exam,2022
Which of the following comes under Union List of 7th schedule of the Indian constitution?,Public order,Establishment of standards of weight and measure,Hospitals and dispensaries,Public Health and sanitation,politics,4,CHSL Exam,2022
Who is famously known as the father of Indian nuclear programme?,Venkatraman Radhakrishnan,Homi J. Bhabha,Vikram Sarabhai,C. V. Raman,science,2,CHSL Exam,2022
Which river of India drains into Bay of Bengal?,Mahi,Godavari,Narmada,Tapi,gk,2,CHSL Exam,2022
Which famous male lawn tennis player retired in September 2022?,Novak Djokovic,Rafael Nadal,Carlos Alcaraz,Roger Federer,sports,4,CHSL Exam,2022
Which team won the 2021–22 I–League?,Mohammedan SC,Gokulam Kerala FC,Rajasthan United,Neroca FC,sports,2,CHSL Exam,2022
"In India, what is the total length of the coastline of the mainland, including Andaman and Nicobar and Lakshadweep?","7,516.6 km","8,123.1 km","7,818.7 km","8,514.4 km",gk,1,CHSL Exam,2022
Which state among the following has the largest reserves of gold ore in India as of 2021?,Rajasthan,Karnataka,Bihar,Jharkhand,gk,2,CHSL Exam,2022
Which of the following two teams played in the final match of season 8 of PKL?,Dabang Delhi vs. Bengal Warriors,Bengal Warriors vs. Patna Pirates,Dabang Delhi vs. Bengaluru Bulls,Dabang Delhi vs. Patna Pirates,sports,4,CHSL Exam,2022
Which of the following shortcut key is used to switch to print preview in MS-Word 365?,Alt + I,Ctrl + Alt + P,Ctrl + Alt + I,Alt + P,tech,2,CHSL Exam,2022
Which of the following was the capital of Pallavas?,Puhar,Raichur Doab,Aihole,Kanchipuram,history,4,CHSL Exam,2022
Which Indian financial institution protects investors in a stock market?,Securities and Exchange Board of India,Bombay Stock Exchange,Reserve Bank of India,National Stock Exchange,gk,1,CHSL Exam,2022
Which article of the Indian constitution is related with the Separation of judiciary from executive?,50,41,51,40,politics,3,CHSL Exam,2022
Which among the following is a bacterial disease?,Leprosy,Malaria,Ebola,Rabies,health,1,CHSL Exam,2022
Davis Cup is related with which of the following sports?,Tennis,Table Tennis,Basketball,Cricket,sports,1,CHSL Exam,2022
Which of the following is not a regional name for East Coast (or part of it) of India?,Utkal coast,Coromandel Coast,Malabar Coast,Tamil Nadu coast,gk,3,CHSL Exam,2022
"In October 2022, which among the following substances was mapped in abundance for the first time, by Chandrayaan-2, on moon?",Chlorine,Sodium,Hydrogen,Oxygen,science,2,CHSL Exam,2022
Neelima performs Kalbeliya dance form. Which state does this dance form belong to?,Rajasthan,Uttarakhand,Punjab,Odisha,entertainment,1,CHSL Exam,2022
In which year was the Arms Act passed in India?,1959,1951,1964,1955,history,1,CHSL Exam,2022
______ won the Japanese Formula 1 Grand Prix 2022.,Charles Leclerc,Max Verstappen,Sergio Perez,Carlos Sainz Jr.,sports,2,CHSL Exam,2022
"The plains from Ambala to the Sunderban stretch over nearly 1800 km, but the fall in its slope is hardly ______ metres.",550,600,300,450,gk,3,CHSL Exam,2022
______ is the key circuit board holding the essential processing parts of a computer.,Random Access Memory,Firmware,Central Processing Unit,Motherboard,tech,4,CHSL Exam,2022
Who among the following appointed Aziz Khummar a wine distiller to high administrative post?,Alauddin Khalji,Firuz Shah Tughluq,Jalaluddin Khalji,Muhammad Tughluq,history,2,CHSL Exam,2022
"In October 2022, according to UN Multidimensional Poverty Index (MPI), which country has the largest number of poor people worldwide?",India,Indonesia,Pakistan,Nigeria,current_affairs,4,CHSL Exam,2022
The ______ of a ray is the angle measured from the reflected ray to the normal surface.,Angle of Diffusion,Angle of Reflection,Angle of Refraction,Angle of Incidence,science,2,CHSL Exam,2022
Pradhan Mantri Jan Arogya Yojana (PM-JAY) is the ambitious program launched by Government of India in 2018 to provide ______ access to the most vulnerable sections.,industrial,agricultural,services,healthcare,politics,4,CHSL Exam,2022
World Bank approved USD 350 million aid in May 2022 for the “Systems Reform Endeavors for Transformed Health Achievement” (SRESTHA) for ______ state in India.,Punjab,Bihar,Gujarat,Himachal Pradesh,current_affairs,1,CHSL Exam,2022
A ball possesses 3000 units of momentum. What would be the ball's new momentum if its velocity was doubled?,9000 units,20000 units,6000 units,3000 units,science,3,CHSL Exam,2022
"Who wrote the famous novel ""Durgeshnandini""?",Ishwar Chandra Vidyasagar,Sarat Chandra Chattopadhyay,Bankim Chandra Chatterjee,Rabindranath Tagore,entertainment,1,CHSL Exam,2022
Which is the highest plateau in the world?,Tibet plateau,Deccan plateau,East African Plateau,Western plateau,gk,1,CHSL Exam,2022
_________ is an ancient martial art that originated in peninsular India as a part of military training for warriors.,Kalaripayattu,Gatka,Karate,Muay Thai,sports,1,CHSL Exam,2022
"In which of the following modes of data transmission, can the data flow in both directions but in only one direction at a time?",Full-duplex,Quarter-duplex,Half-duplex,Simplex,tech,3,CHSL Exam,2022
Which among the following is the highest peak in India?,Nanga Parbat,Namcha Barwa,Nanda Devi,Kanchenjunga,gk,4,CHSL Exam,2022
Which among the following is correct about Reverse Repo Rate?,When the money is borrowed or lent for more than a day up to 14 days it is called Reverse Repo Rate.,"When RBI provides a loan to the bank for short-term between 1 to 90 days, RBI takes some interest from the bank which is termed as Reverse Repo Rate.","Reverse Repo Rate is a state in which the Value of Money is Falling and the Prices are rising, over a period of time.",When bank deposit it's excess money in RBI then RBI provides some interest to that bank. This interest is known as Reverse Repo Rate.,current_affairs,2,CHSL Exam,2022
The JALDOOT application launched in September 2022 is used by Gram Rojgar Sahyak to measure _______.,crop yield,water level in well,Rainfall,Humidity,current_affairs,3,CHSL Exam,2022
Which city existed in the Indus valley civilization?,Dwarka,Harappa,Sanchi,Muziris,history,2,CHSL Exam,2022
Which of the following music instruments are solid instruments?,Ghana Vadya,Avanaddha Vadya ,Tata Vadya,Sushira Vadya,entertainment,4,CHSL Exam,2022
Lingaraja Temple is situated in which of the following states of India?,Odisha,Maharashtra,Karnataka,Tamil Nadu,gk,1,CHSL Exam,2022
______ was the leading producing State of manganese ore accounting for 33% of total production during 2019-20 in India.,Odisha,Madhya Pradesh,Maharashtra,Karnataka,gk,1,CHSL Exam,2022
The Mahanadi basin does not extend over which state?,Chhattisgarh,Odisha,Jharkhand,Karnataka,gk,3,CHSL Exam,2022
Which of the following disease is not caused by a mosquito bite?,Hepatitis,Malaria,Elephantiasis,Dengue,health,1,CHSL Exam,2022
"Which indigenous aircraft carrier was delivered to Indian Navy on July 28, 2022?",INS Vikrant,INS Arihant,INS Vikramaditya,INS Shivaji,current_affairs,1,CHSL Exam,2022
"herSTART, an initiative implemented by the Gujarat University Startup and Entrepreneurship, was launched by ______ in October 2022.",Finance Minister Nirmala Sitharaman,Prime Minister Narendra Modi,President Draupadi Murmu,Defence Minister Rajnath Singh,current_affairs,3,CHSL Exam,2022
In which of the following ways of heat transfer no medium is required?,Radiation and Conduction both,Radiation,Conduction,Convection,science,1,CHSL Exam,2022
The preamble of the Indian constitution is borrowed from the constitution of ______. ,USSR (Present Russia ),United States of America,Britain,Canada,politics,2,CHSL Exam,2022
"Which of the following statements is/are NOT correct?
I. Force per unit volume is called pressure.
II. Liquids can exert pressure on walls of containers.
III. Force acting on an object can cause a change in it state of motion but not its shape.",Only I and II,Only I and III,Only III,"I, II and III",science,2,CHSL Exam,2022
Dhuska is the most popular food item of state of ______ .,Andhra Pradesh,Jharkhand,Kerala,Punjab,gk,2,CHSL Exam,2022
Who among the following devised a policy that came to be known as the Doctrine of Lapse?,Lord Dalhousie,Lord Minto,Lord Hastings,Lord Cornwallis,history,1,CHSL Exam,2022
Which of the following shortcut key is used to save a file in MS-Word 365?,Alt + F,Alt + S,Ctrl + F,Ctrl + S,tech,4,CHSL Exam,2022
Which country will host the ICC Men’s Cricket World Cup 2023?,West Indies,Australia,India,South Africa,sports,3,CHSL Exam,2022
"For which of the following films, has Akshay Kumar won a National award?",Mission Mangal,Bell Bottom,Raksha Bandhan,Rustom,entertainment,1,CHSL Exam,2022
In which year was the Arms Act disallowing Indians from possessing arms passed?,1876,1877,1875,1878,history,1,CHSL Exam,2022
"Which among the following states ranked 1st amongst ""Achievers"" states in the Logistics Ease Across Different States (LEADS) Report 2022?",Maharashtra,Tamil Nadu,Assam,Andhra Pradesh,current_affairs,2,CHSL Exam,2022
Which five-year plan was based on the ideas of Mahalanobis?,Fourth five-year plan,First five-year plan,Third five-year plan,Second five-year plan,history,4,CHSL Exam,2022
How many gold medals did India win in 2020 Tokyo Olympic Games?,3,0,2,1,sports,4,CHSL Exam,2022
Which Indian javelin thrower has been suspended in 2022 (till 2025) for doping?,Kashinath Naik,Neeraj Chopra,Devendra Jhajharia,Shivpal Singh,sports,4,CHSL Exam,2022
Who was the first Indian Army officer to be promoted to the rank of field marshal?,Karam Singh,Sam Manekshaw,K M Cariappa,Vikram Batra,history,2,CHSL Exam,2022
In the higher latitudes (50° – 70°) of Northern hemisphere the spectacular Coniferous forests are found. These are also called as ______.,Veld,Tundra,Taiga,Llanos,gk,3,CHSL Exam,2022
Little Andaman in the south is separated from the Nicobar Islands by the ______.,10 Degree Channel,7 Degree Channel,9 Degree Channel,8 Degree Channel,gk,1,CHSL Exam,2022
A ______ account is one which is maintained by an Indian Bank in the foreign countries usually in the currency of that country for the purpose of carrying out transactions there.,VOSTRO,LIBOR,NOSTRO,MIBOR,gk,3,CHSL Exam,2022
"The 42nd Amendment Act, 1976 of the Indian constitution has added which of the following in the preamble to the constitution?",Sovereign,Secular,Republic,Democratic,politics,2,CHSL Exam,2022
Which of the following is NOT an output device?,Monitor,Dot matrix printer,Bar code reader,Plotter,tech,3,CHSL Exam,2022